"","genus","Aging_16S_negative_CTRL_S48_L001.clean.fasta","Aging_16S_saliva_rep1_14_194J_100_S51_L001.clean.fasta","Aging_16S_saliva_rep1_14_194J_101_S54_L001.clean.fasta","Aging_16S_saliva_rep1_14_194J_102_S55_L001.clean.fasta","Aging_16S_saliva_rep1_14_194J_103_S69_L001.clean.fasta","Aging_16S_saliva_rep1_14_194J_104_S70_L001.clean.fasta","Aging_16S_saliva_rep1_14_194J_105_S82_L001.clean.fasta","Aging_16S_saliva_rep1_14_194J_106_S83_L001.clean.fasta","Aging_16S_saliva_rep1_14_194J_107_S85_L001.clean.fasta","Aging_16S_saliva_rep1_14_194J_108_S86_L001.clean.fasta","Aging_16S_saliva_rep1_14_194J_109_S87_L001.clean.fasta","Aging_16S_saliva_rep1_14_194J_200_S49_L001.clean.fasta","Aging_16S_saliva_rep1_14_194J_201_S50_L001.clean.fasta","Aging_16S_saliva_rep1_14_194J_202_S52_L001.clean.fasta","Aging_16S_saliva_rep1_14_194J_203_S53_L001.clean.fasta","Aging_16S_saliva_rep1_14_194J_204_S56_L001.clean.fasta","Aging_16S_saliva_rep1_14_194J_205_S65_L001.clean.fasta","Aging_16S_saliva_rep1_14_194J_206_S66_L001.clean.fasta","Aging_16S_saliva_rep1_14_194J_207_S71_L001.clean.fasta","Aging_16S_saliva_rep1_14_194J_208_S72_L001.clean.fasta","Aging_16S_saliva_rep1_14_194J_209_S84_L001.clean.fasta","Aging_16S_saliva_rep1_14_194J_300_S67_L001.clean.fasta","Aging_16S_saliva_rep1_14_194J_301_S68_L001.clean.fasta","Aging_16S_saliva_rep1_14_194J_302_S81_L001.clean.fasta","Aging_16S_saliva_rep2_14_194J_100_S59_L001.clean.fasta","Aging_16S_saliva_rep2_14_194J_101_S62_L001.clean.fasta","Aging_16S_saliva_rep2_14_194J_102_S63_L001.clean.fasta","Aging_16S_saliva_rep2_14_194J_103_S77_L001.clean.fasta","Aging_16S_saliva_rep2_14_194J_104_S78_L001.clean.fasta","Aging_16S_saliva_rep2_14_194J_105_S89_L001.clean.fasta","Aging_16S_saliva_rep2_14_194J_106_S90_L001.clean.fasta","Aging_16S_saliva_rep2_14_194J_107_S92_L001.clean.fasta","Aging_16S_saliva_rep2_14_194J_108_S93_L001.clean.fasta","Aging_16S_saliva_rep2_14_194J_109_S94_L001.clean.fasta","Aging_16S_saliva_rep2_14_194J_200_S57_L001.clean.fasta","Aging_16S_saliva_rep2_14_194J_201_S58_L001.clean.fasta","Aging_16S_saliva_rep2_14_194J_202_S60_L001.clean.fasta","Aging_16S_saliva_rep2_14_194J_203_S61_L001.clean.fasta","Aging_16S_saliva_rep2_14_194J_204_S64_L001.clean.fasta","Aging_16S_saliva_rep2_14_194J_205_S73_L001.clean.fasta","Aging_16S_saliva_rep2_14_194J_206_S74_L001.clean.fasta","Aging_16S_saliva_rep2_14_194J_207_S79_L001.clean.fasta","Aging_16S_saliva_rep2_14_194J_208_S80_L001.clean.fasta","Aging_16S_saliva_rep2_14_194J_209_S91_L001.clean.fasta","Aging_16S_saliva_rep2_14_194J_300_S75_L001.clean.fasta","Aging_16S_saliva_rep2_14_194J_301_S76_L001.clean.fasta","Aging_16S_saliva_rep2_14_194J_302_S88_L001.clean.fasta","Aging_16S_stool1_14_194J_100_S5_L001.clean.fasta","Aging_16S_stool1_14_194J_101_S11_L001.clean.fasta","Aging_16S_stool1_14_194J_102_S13_L001.clean.fasta","Aging_16S_stool1_14_194J_103_S25_L001.clean.fasta","Aging_16S_stool1_14_194J_104_S27_L001.clean.fasta","Aging_16S_stool1_14_194J_105_S35_L001.clean.fasta","Aging_16S_stool1_14_194J_106_S37_L001.clean.fasta","Aging_16S_stool1_14_194J_107_S41_L001.clean.fasta","Aging_16S_stool1_14_194J_108_S43_L001.clean.fasta","Aging_16S_stool1_14_194J_109_S45_L001.clean.fasta","Aging_16S_stool1_14_194J_200_S1_L001.clean.fasta","Aging_16S_stool1_14_194J_201_S3_L001.clean.fasta","Aging_16S_stool1_14_194J_202_S7_L001.clean.fasta","Aging_16S_stool1_14_194J_203_S9_L001.clean.fasta","Aging_16S_stool1_14_194J_204_S15_L001.clean.fasta","Aging_16S_stool1_14_194J_205_S17_L001.clean.fasta","Aging_16S_stool1_14_194J_206_S19_L001.clean.fasta","Aging_16S_stool1_14_194J_207_S29_L001.clean.fasta","Aging_16S_stool1_14_194J_208_S31_L001.clean.fasta","Aging_16S_stool1_14_194J_209_S39_L001.clean.fasta","Aging_16S_stool1_14_194J_300_S21_L001.clean.fasta","Aging_16S_stool1_14_194J_301_S23_L001.clean.fasta","Aging_16S_stool1_14_194J_302_S33_L001.clean.fasta","Aging_16S_stool2_14_194J_100_S6_L001.clean.fasta","Aging_16S_stool2_14_194J_101_S12_L001.clean.fasta","Aging_16S_stool2_14_194J_102_S14_L001.clean.fasta","Aging_16S_stool2_14_194J_103_S26_L001.clean.fasta","Aging_16S_stool2_14_194J_104_S28_L001.clean.fasta","Aging_16S_stool2_14_194J_105_S36_L001.clean.fasta","Aging_16S_stool2_14_194J_106_S38_L001.clean.fasta","Aging_16S_stool2_14_194J_107_S42_L001.clean.fasta","Aging_16S_stool2_14_194J_108_S44_L001.clean.fasta","Aging_16S_stool2_14_194J_109_S46_L001.clean.fasta","Aging_16S_stool2_14_194J_200_S2_L001.clean.fasta","Aging_16S_stool2_14_194J_201_S4_L001.clean.fasta","Aging_16S_stool2_14_194J_202_S8_L001.clean.fasta","Aging_16S_stool2_14_194J_203_S10_L001.clean.fasta","Aging_16S_stool2_14_194J_204_S16_L001.clean.fasta","Aging_16S_stool2_14_194J_205_S18_L001.clean.fasta","Aging_16S_stool2_14_194J_206_S20_L001.clean.fasta","Aging_16S_stool2_14_194J_207_S30_L001.clean.fasta","Aging_16S_stool2_14_194J_208_S32_L001.clean.fasta","Aging_16S_stool2_14_194J_209_S40_L001.clean.fasta","Aging_16S_stool2_14_194J_300_S22_L001.clean.fasta","Aging_16S_stool2_14_194J_301_S24_L001.clean.fasta","Aging_16S_stool2_14_194J_302_S34_L001.clean.fasta","Aging_16S_tongue_dorsum_sample_as_negative_CTRL_S47_L001.clean.fasta","Diaz_16S_Mock_community_Pool1_S95_L001.clean.fasta","Diaz_16S_Mock_community_Pool2_S96_L001.clean.fasta"
"1","Abiotrophia",0,0,0,0,0,0,0,0,0,0,0,0,0,0,0,0,0,0,0,0,0,0,0,0,0,0,0,0,0,0,0,0,0,0,0,0,0,0,0,0,0,0,0,0,0,0,0,0,0,0,0,0,0,0,0,0,0,0,0,0,0,0,0,51,0,0,19,11,0,0,0,0,0,0,0,0,0,0,0,0,0,0,0,0,0,0,81,0,0,17,32,0,0,0,0,0
"2","Acetanaerobacterium",0,0,1,0,0,0,0,0,0,0,0,0,0,0,0,0,0,0,0,0,0,0,0,0,0,0,0,0,0,0,0,0,0,0,0,0,0,0,0,0,0,0,0,0,0,0,0,0,0,0,0,0,0,0,0,0,0,0,0,0,0,0,0,5,0,0,0,0,0,0,0,0,0,0,0,0,0,0,0,0,0,0,0,0,0,0,15,0,0,0,3,0,0,0,0,0
"3","Acetivibrio",0,0,0,0,0,0,0,0,0,0,0,0,0,0,0,0,0,0,0,0,0,0,0,0,0,0,0,0,0,0,0,0,0,0,0,0,0,0,0,0,0,0,0,0,0,0,0,0,0,0,0,4,2,0,3,0,0,1,3,1,0,1,0,0,0,1,0,1,1,1,0,0,0,1,7,1,1,5,3,0,4,6,0,1,0,0,1,0,1,0,0,2,0,0,0,0
"4","Acidaminococcus",0,0,0,0,0,0,0,0,47,1,1,0,0,0,0,0,0,0,0,0,0,0,0,0,0,0,0,0,0,0,0,13,0,2,0,0,0,0,0,0,0,0,0,0,0,0,0,2,0,0,0,0,0,0,0,31,0,0,77,98,0,0,0,0,0,0,0,0,0,0,4,0,0,0,0,0,0,0,26,0,0,84,103,0,0,0,0,0,0,0,0,0,0,0,0,0
"5","Acinetobacter",0,0,0,0,0,0,0,0,0,0,1,0,0,0,0,0,0,0,0,0,0,0,0,0,0,0,0,0,0,0,0,9,0,0,1,0,0,0,0,1,0,0,0,0,0,0,0,0,0,1,3,3,0,0,0,0,1,0,1,5,5,0,0,3,0,0,2,0,1,0,3,0,4,1,1,0,2,1,0,3,7,1,2,4,1,0,3,1,3,1,2,1,0,0,0,0
"6","Actinomyces",0,219,154,75,92,186,4,605,30,68,1031,127,66,89,195,588,144,23,129,0,306,111,683,152,336,159,182,127,169,5,173,36,105,747,131,27,96,229,279,144,25,66,142,332,138,486,138,5,73,4,0,0,0,1,0,0,0,0,7,0,0,0,6,4,0,0,0,1,2,0,13,96,10,0,2,0,0,0,0,0,0,4,1,0,0,14,1,0,0,0,1,0,0,0,73,32
"7","Aggregatibacter",0,50,263,71,1,4,31,45,0,40,34,7,9,49,5,1,30,0,304,0,16,7,27,1,66,419,181,0,3,13,15,0,43,16,5,2,69,12,2,27,0,235,0,24,6,12,0,0,0,0,0,0,0,0,0,0,0,0,0,0,0,0,0,0,0,0,0,0,0,0,0,1,1,0,0,0,0,0,0,0,0,0,0,0,0,0,0,0,0,0,0,0,0,0,0,0
"8","Akkermansia",2,2,0,0,1,0,0,0,496,14,35,0,0,0,0,0,2,1,10,0,3,1,1,0,1,1,0,0,0,0,0,615,11,26,0,2,0,0,1,4,2,1,0,1,0,1,0,0,17,22,47,1416,0,51,0,1254,75,0,0,0,106,2,4,371,101,271,464,52,364,299,0,10,16,25,2017,0,140,0,2100,1595,0,1,0,550,2,16,466,236,269,788,153,250,245,0,2046,602
"9","Alistipes",0,80,37,78,47,187,17,63,410,89,472,39,74,112,35,195,86,17,48,0,131,22,1430,210,123,53,201,109,136,10,8,367,154,353,46,26,160,59,99,73,20,31,23,151,27,1142,209,1070,221,191,1,0,511,143,400,636,116,2,119,963,153,858,66,259,503,59,1235,128,850,259,1445,296,71,0,0,757,401,389,736,874,6,154,1075,317,134,108,507,751,213,582,204,238,402,1,0,0
"10","Alloprevotella",0,250,284,101,40,355,1223,55,14,129,727,120,67,38,22,41,302,0,161,0,52,249,7,65,449,422,292,78,259,758,16,14,218,556,142,29,32,44,15,288,1,113,1,95,315,4,56,0,0,0,0,0,0,1,0,2,0,0,0,0,0,0,0,0,0,0,0,0,0,0,0,0,0,0,0,0,0,0,6,0,0,0,0,1,0,4,0,0,0,0,0,0,0,0,1,1
"11","Alloscardovia",0,0,0,0,0,0,0,0,0,0,8,0,1,0,0,3,0,0,0,0,0,0,6,1,0,0,0,0,0,0,0,0,0,2,0,0,0,0,1,0,0,0,0,0,0,6,0,0,0,0,0,0,0,0,0,0,0,0,0,0,0,0,0,0,0,0,0,0,0,0,0,0,0,0,0,0,0,0,0,0,1,0,0,0,0,0,0,0,0,0,0,0,0,0,0,0
"12","Anaerococcus",0,0,0,0,0,0,0,0,2,0,0,0,0,0,0,0,0,0,0,0,0,0,0,0,0,0,0,0,0,0,0,5,0,0,0,0,0,0,0,0,0,0,0,0,0,0,0,0,3,1,0,0,0,0,0,1,0,0,0,0,0,0,2,0,0,0,0,0,0,5,0,6,2,0,0,0,0,0,5,0,0,0,0,0,0,3,0,0,0,1,0,0,7,0,0,0
"13","Anaerofilum",0,0,0,0,0,0,0,0,0,0,0,0,0,0,0,0,0,0,0,0,0,0,0,0,0,0,0,0,0,0,0,9,0,0,0,0,0,0,0,0,0,0,0,0,0,0,0,0,0,0,1,0,1,0,5,1,0,1,0,0,1,0,0,1,0,0,2,0,1,0,0,0,0,1,0,9,0,3,4,3,0,2,0,3,0,0,1,0,0,0,0,0,0,0,0,0
"14","Anaeroglobus",0,0,0,0,0,0,0,0,8,0,0,0,0,0,0,0,0,0,0,0,0,0,0,0,0,0,0,0,0,0,0,0,0,0,0,0,0,0,0,0,0,0,0,0,0,0,0,0,0,0,0,0,0,0,0,0,1,0,0,0,0,0,0,0,0,0,0,0,0,0,0,0,0,0,0,0,0,0,5,0,0,0,0,0,0,0,0,0,0,0,0,0,0,0,0,0
"15","Anaerotruncus",0,57,6,43,10,238,100,79,20,49,69,41,42,56,9,3,523,2,34,0,107,23,4,6,84,12,91,22,165,46,20,13,63,50,47,17,66,13,2,432,0,27,4,114,31,2,3,1,4,43,1,1,2,0,2,2,1,3,0,5,9,10,0,57,0,0,1,10,2,18,4,1,128,2,11,5,0,1,4,4,1,0,4,21,0,1,111,0,0,0,42,0,36,0,0,0
"16","Anaerovorax",0,0,0,3,1,37,0,6,11,22,22,1,2,0,0,0,28,0,25,0,4,0,26,1,1,0,5,0,28,1,7,0,37,12,1,0,0,0,1,14,0,16,0,8,1,19,3,0,8,17,0,5,0,0,0,0,0,0,1,0,0,75,21,21,12,3,10,10,0,2,0,3,21,0,2,0,1,0,2,0,7,0,0,0,5,25,43,23,6,6,44,0,4,0,0,0
"17","Asaccharobacter",0,0,0,0,0,0,0,0,0,0,0,0,0,0,0,0,0,0,0,0,0,0,0,0,0,0,0,0,0,0,0,0,0,0,0,0,0,0,0,0,0,0,0,0,0,0,0,0,0,0,0,0,0,0,0,0,0,0,0,0,0,0,0,1,0,0,0,1,0,0,0,0,0,0,0,0,0,0,0,0,0,0,0,0,0,0,4,0,0,0,1,0,0,0,0,0
"18","Atopobium",0,80,26,154,445,180,3,38,0,36,95,24,45,39,31,303,59,6,17,0,82,42,145,14,96,49,344,691,101,0,11,2,93,65,24,14,45,29,161,58,5,5,38,78,49,107,12,0,0,1,0,1,0,0,0,0,0,0,0,0,0,0,0,17,1,0,0,2,0,0,0,0,0,0,1,0,0,0,0,0,0,0,0,0,0,0,26,0,0,0,9,0,0,0,0,0
"19","Bacteroides",4,101,9,136,10,316,163,87,2774,186,1354,71,532,8,2,20,84,120,452,1,218,94,397,46,160,21,262,10,213,109,43,2554,341,1023,67,195,10,2,15,82,70,222,12,248,94,351,42,2347,4369,2594,4402,2165,10536,2359,5982,4178,1457,3266,3217,3068,5799,2475,2836,4346,848,1050,6314,2334,7967,3927,3801,7357,1937,3840,3159,7813,6601,5637,7487,8217,5564,3514,3964,6399,485,4116,7063,1237,1674,2595,4748,3226,6177,5,930,331
"20","Barnesiella",0,0,1,2,0,3,1,5,45,5,3,1,14,0,0,0,16,1,8,0,19,5,26,0,4,0,8,0,0,0,2,13,7,9,2,4,0,0,0,19,1,12,0,26,2,25,0,0,0,48,0,1,401,0,0,0,0,26,365,397,0,355,0,6,0,0,743,11,0,62,0,0,9,0,0,469,0,0,0,0,53,437,344,0,47,0,14,0,0,322,23,0,70,0,0,0
"21","Bergeyella",0,2,0,1,0,1,4,23,0,1,11,0,0,0,0,4,3,0,47,0,3,3,260,0,2,0,0,0,3,1,8,0,1,6,0,0,0,0,1,3,0,27,0,3,4,184,0,0,0,0,0,0,0,0,0,0,0,0,0,0,0,0,0,0,0,0,0,0,0,0,0,0,0,0,0,0,0,0,0,0,0,0,0,0,0,0,0,0,0,0,0,0,0,0,0,0
"22","Bilophila",0,0,0,0,0,0,0,0,17,0,2,0,0,0,0,0,0,1,0,0,0,1,0,0,0,0,0,0,0,0,0,4,0,0,0,0,0,0,0,0,0,0,0,0,0,0,0,5,1,1,18,0,54,0,7,13,1,7,2,23,10,20,0,18,3,3,0,7,22,3,2,2,2,15,0,75,0,9,23,40,10,8,18,11,7,4,24,4,9,0,23,10,7,0,0,0
"23","Blautia",0,2,6,11,0,12,3,36,50,3,10,8,3,2,0,40,60,1,49,0,3,2,0,4,2,8,32,1,13,8,13,55,2,5,11,0,6,0,16,56,3,19,5,5,2,1,2,28,28,17,68,38,10,9,27,81,4,66,102,24,80,82,17,52,6,46,51,27,292,12,55,36,28,57,61,21,15,40,68,59,95,106,41,134,19,19,82,16,34,43,36,336,28,0,0,1
"24","Bradyrhizobium",0,0,0,0,0,0,0,0,0,0,0,0,0,0,0,0,0,0,0,0,0,0,0,0,0,0,0,0,0,0,0,0,0,0,0,0,0,0,0,0,0,0,0,0,0,0,0,0,0,1,0,0,0,0,0,0,0,0,3,0,0,0,0,1,1,1,1,0,1,1,0,0,3,0,0,0,0,0,0,0,0,9,0,0,0,0,4,3,0,1,1,0,0,0,0,0
"25","Bulleidia",0,0,0,5,0,3,1,2,11,0,1,1,0,0,0,0,0,0,0,0,2,0,0,0,0,0,12,0,1,0,1,0,0,0,1,0,0,0,0,0,0,0,3,0,0,0,0,0,0,0,0,0,0,0,0,0,0,0,0,0,0,0,0,0,0,0,1,0,0,0,0,0,0,0,0,0,0,0,0,0,0,0,0,0,0,0,0,2,0,2,0,0,0,0,0,0
"26","Butyricicoccus",0,0,0,0,0,0,0,0,25,1,1,2,1,0,0,1,0,0,3,0,0,0,0,0,0,0,0,0,0,0,0,16,0,0,0,0,0,0,0,0,0,1,0,0,0,2,0,4,5,0,0,6,3,1,3,9,1,1,51,33,1,16,2,6,42,24,23,5,9,9,4,13,2,0,5,14,4,10,7,12,8,46,18,5,5,4,14,71,15,26,8,19,21,0,0,0
"27","Butyricimonas",0,0,0,33,0,0,29,0,29,0,5,0,3,0,0,0,0,0,0,0,1,0,0,0,1,0,59,0,0,13,0,32,1,1,0,2,0,0,0,0,1,2,0,0,0,0,0,8,36,7,3,4,2,6,1,12,0,0,0,0,0,149,4,31,7,15,9,10,34,56,17,64,30,0,7,6,13,0,14,0,0,0,0,0,46,6,61,41,11,4,18,14,98,0,0,0
"28","Butyrivibrio",0,0,0,1,0,0,0,0,8,6,28,0,0,0,0,0,0,0,3,0,4,0,0,0,0,0,1,0,0,0,0,0,19,15,0,0,0,0,0,0,0,2,1,10,0,0,0,0,0,0,0,0,0,0,0,0,0,0,0,0,0,0,0,0,0,0,0,0,0,0,0,0,0,0,0,0,0,0,0,0,0,0,0,0,0,0,0,0,0,0,0,0,0,0,0,0
"29","Campylobacter",2,1451,449,1081,192,1378,177,906,16,935,957,236,1412,1146,34,612,504,74,1158,3,4579,842,8011,466,2584,637,2662,285,1075,80,233,24,1428,707,225,546,1389,45,332,488,63,747,7299,4840,1109,5910,434,0,0,0,0,0,0,0,1,2,0,1,0,1,0,0,1,2,0,0,2,0,5,0,0,6,0,0,2,4,0,0,4,0,0,1,2,0,1,0,14,1,0,0,3,1,0,1,11,4
"30","Capnocytophaga",0,41,9,320,3,436,286,170,259,136,503,46,78,90,0,20,123,13,1013,0,639,60,2114,61,81,20,856,4,348,150,42,223,230,341,21,30,114,0,5,120,12,682,31,636,83,1772,56,291,1558,433,112,266,127,77,177,253,125,225,814,289,0,743,236,468,383,566,1426,251,623,286,460,1557,1201,88,315,142,194,181,262,376,624,786,439,0,265,312,785,571,502,731,659,509,466,0,223,87
"31","Cardiobacterium",0,2,0,16,0,9,23,10,17,13,87,4,2,0,0,0,32,0,42,0,0,6,21,1,3,2,45,0,6,9,4,0,24,51,7,1,0,0,0,33,0,21,3,0,12,23,0,0,0,0,0,0,0,0,0,0,0,0,0,1,0,1,0,0,0,0,0,0,0,0,0,0,0,0,0,0,0,0,1,0,0,0,0,0,1,0,0,0,0,0,0,0,0,0,0,0
"32","Catenibacterium",0,0,0,0,0,0,0,0,0,0,1,0,0,0,0,0,0,0,0,0,0,0,0,0,0,0,0,0,0,0,0,9,0,1,0,0,0,0,0,0,0,0,0,0,0,0,0,0,1,0,0,1,7,3,5,1,1,0,1,1,1,1,1,1,0,0,0,0,5,0,0,0,1,0,0,15,11,9,2,48,0,0,5,5,1,1,4,2,0,0,3,0,0,0,0,0
"33","Catonella",0,18,51,121,1,118,23,34,0,64,123,25,7,70,28,15,55,0,166,0,81,88,0,50,29,53,320,2,89,7,8,0,114,101,17,3,75,42,11,66,0,118,45,80,119,0,43,3,4,0,0,8,0,0,0,0,0,0,0,0,0,3,0,18,2,10,4,2,6,0,1,7,7,0,12,13,0,0,0,0,0,0,0,0,1,0,24,5,6,1,3,7,1,0,0,0
"34","Cellulosibacter",0,0,0,0,0,0,0,0,0,0,0,0,0,0,0,0,0,0,2,0,0,0,0,0,0,0,0,0,0,0,0,0,0,0,0,0,0,0,0,0,0,0,0,0,0,0,0,0,0,0,0,0,0,0,0,3,0,0,0,0,0,0,0,0,0,0,0,0,0,1,0,0,0,0,0,0,0,0,2,0,1,2,0,0,0,0,0,0,0,0,0,0,2,0,0,0
"35","Cloacibacillus",0,0,0,0,0,0,0,0,0,0,0,0,0,0,0,0,0,0,0,0,0,0,0,0,0,0,0,0,0,0,0,0,0,0,0,0,0,0,0,0,0,0,0,0,0,0,0,1,1,1,0,0,0,0,7,0,0,0,4,0,0,2,0,1,0,0,4,0,1,0,3,1,1,0,0,0,0,8,0,0,0,4,0,0,1,0,5,2,0,1,1,0,0,0,0,0
"36","Clostridium IV",0,0,0,16,0,2,0,0,47,9,6,4,0,0,0,3,17,0,8,0,0,0,0,0,0,0,28,0,1,2,2,104,13,5,2,0,1,0,2,18,0,0,1,0,0,0,1,2,7,5,10,32,73,302,44,98,7,23,44,26,41,716,13,24,22,38,146,18,38,209,16,10,42,6,52,250,780,48,122,102,89,60,12,59,181,23,62,58,22,186,33,60,348,0,0,0
"37","Clostridium XI",0,1,2,23,6,21,26,28,0,22,37,6,10,1,0,165,20,6,86,0,2,17,87,11,2,2,60,4,15,16,6,0,31,17,4,11,0,0,87,15,9,40,16,5,13,60,8,0,0,0,0,0,0,0,0,0,0,0,0,0,0,5,0,0,0,0,11,0,0,0,0,0,0,0,0,0,0,0,0,0,0,0,0,0,5,0,0,0,0,4,0,0,0,0,0,0
"38","Clostridium XlVa",0,9,2,13,1,44,8,37,32,44,15,4,37,1,0,57,157,7,116,0,35,8,32,13,20,5,23,0,46,3,9,21,90,13,4,22,2,0,21,160,2,93,6,32,8,18,19,63,109,150,63,34,37,42,11,10,11,33,53,1,141,115,50,183,18,144,69,106,129,38,169,136,560,36,29,233,96,17,12,34,128,57,3,59,53,67,349,44,140,41,323,105,65,0,0,0
"39","Clostridium XlVb",0,3,8,0,0,23,20,41,0,2,1,0,1,0,0,0,3,0,0,0,64,0,53,0,4,10,1,1,21,4,9,0,3,0,0,0,0,0,0,3,0,0,5,72,0,42,0,0,3,1,0,0,0,0,0,8,0,8,5,8,0,0,0,9,0,0,1,4,0,0,0,8,7,0,1,1,0,0,8,0,15,2,6,0,0,6,22,0,0,0,9,0,0,0,45,15
"40","Clostridium XVIII",0,2,0,1,0,0,0,0,24,0,13,0,1,0,0,0,0,5,18,0,0,0,0,0,4,0,1,0,0,0,0,12,0,3,0,2,0,0,0,0,2,11,0,0,0,0,0,2,64,4,6,240,46,6,77,16,3,54,19,20,1,45,5,169,0,45,45,48,77,12,9,46,12,6,284,146,19,77,22,10,42,16,25,3,14,6,233,11,34,51,135,287,12,0,0,1
"41","Collinsella",0,0,0,0,0,0,0,1,20,1,0,0,0,0,0,1,0,1,2,0,1,0,1,0,0,0,0,1,0,0,0,67,1,0,0,1,0,0,0,0,1,0,0,2,0,0,0,0,0,0,0,0,0,0,1,164,0,0,0,0,0,88,4,23,2,0,0,7,0,12,0,0,0,0,0,0,0,0,197,0,0,0,0,0,27,8,24,2,0,0,18,0,18,0,0,0
"42","Comamonas",0,0,0,0,0,1,0,1,76,0,3,0,0,0,0,0,1,0,5,0,0,8,1,2,2,0,0,0,0,0,1,61,0,0,1,1,0,0,0,0,0,0,0,2,3,0,0,0,0,1,0,0,1,0,0,0,0,0,0,0,0,0,0,0,0,0,0,0,0,0,0,0,0,0,2,0,0,0,0,0,0,0,0,0,0,0,0,0,1,0,0,0,0,0,0,0
"43","Coprobacillus",0,14,3,13,43,50,0,7,0,1,38,25,15,21,21,74,2,6,8,0,10,5,84,18,21,4,39,84,39,1,0,12,6,19,19,3,20,25,39,7,7,5,9,15,6,61,18,0,0,0,2,0,40,0,25,2,0,4,1,2,0,0,2,0,0,1,0,1,13,2,2,0,1,2,1,93,0,34,2,3,26,2,0,4,0,0,1,0,1,0,1,16,1,0,0,0
"44","Coprococcus",0,6,14,0,6,2,0,3,0,0,27,52,97,0,0,20,0,1,0,0,0,0,0,0,11,10,0,19,2,0,0,0,0,22,52,38,0,0,8,0,0,0,0,0,0,0,0,0,71,2,0,0,2,0,0,0,0,0,61,11,0,146,18,0,2,0,21,0,0,186,0,110,1,1,0,27,0,0,0,0,0,63,17,0,66,19,0,1,0,12,0,0,177,0,0,0
"45","Coraliomargarita",0,0,0,8,0,17,6,6,0,0,59,2,7,0,0,14,0,0,14,0,0,0,35,24,5,0,34,0,8,6,0,0,0,49,4,5,0,0,7,0,0,20,3,0,0,17,41,0,0,0,0,0,0,0,0,0,0,0,0,0,0,0,0,40,0,0,1,8,0,0,0,0,0,0,0,0,0,0,0,0,0,0,0,0,0,0,61,0,0,0,13,0,0,0,0,0
"46","Corynebacterium",0,3,0,7,1,4,1,8,47,3,25,8,8,0,0,2,18,0,34,0,2,9,50,6,14,2,18,0,5,0,2,48,4,29,5,10,0,1,1,14,0,16,17,4,9,45,5,56,76,117,24,115,0,34,4,0,10,0,6,1,14,251,46,70,25,17,185,20,16,22,112,80,206,33,194,0,86,5,0,24,0,5,3,15,41,46,122,31,24,97,75,13,26,0,0,0
"47","Desulfovibrio",0,0,0,0,0,0,0,0,4,0,0,0,0,0,0,0,0,0,0,0,1,0,0,0,0,0,0,0,0,0,0,0,0,0,0,0,0,0,0,0,0,0,0,0,0,0,0,0,0,1,0,0,0,0,0,15,0,0,2,1,0,1,0,1,0,1,0,0,1,0,0,0,0,0,0,0,0,0,12,0,0,4,0,0,1,0,7,0,0,0,0,3,2,0,0,0
"48","Dialister",0,1,0,39,1,105,6,13,0,75,15,15,3,4,0,75,105,2,239,0,47,4,34,4,5,2,80,1,89,5,3,0,126,11,10,2,6,0,53,96,1,161,103,39,4,30,1,19,25,12,217,255,3,48,0,2,52,53,18,3,0,31,4,6,22,35,9,0,0,1,22,23,49,233,434,10,131,0,7,181,105,29,4,2,5,2,8,36,15,22,6,0,11,0,0,0
"49","Dorea",0,0,0,0,0,0,0,0,54,0,2,0,2,0,0,0,0,0,3,0,0,0,0,0,0,0,0,0,0,0,0,36,1,1,0,0,0,0,0,0,0,2,0,0,0,0,0,3,14,4,5,11,9,4,43,45,3,12,51,127,8,42,4,22,11,35,32,3,32,11,2,56,17,4,17,25,8,63,45,5,31,45,114,18,11,6,22,17,15,41,9,97,16,0,0,0
"50","Eggerthella",0,0,0,0,0,0,0,0,0,0,0,0,0,0,0,0,0,0,0,0,0,0,0,0,0,0,0,0,0,0,0,0,0,0,0,0,0,0,0,0,0,0,0,0,0,0,0,0,14,0,2,0,8,0,0,0,0,0,0,1,1,10,0,0,13,0,1,0,0,6,0,20,0,0,1,5,0,0,0,0,0,1,0,8,8,1,0,10,0,0,0,0,15,0,0,0
"51","Eggerthia",0,0,0,0,0,0,0,0,0,0,0,0,0,0,0,0,0,0,0,0,0,0,0,0,0,0,0,0,0,0,0,0,0,0,0,0,0,0,0,0,0,0,0,0,0,0,0,0,0,0,0,0,0,0,0,0,0,0,2,0,0,0,0,0,0,0,1,0,0,0,0,0,0,0,0,0,0,0,0,0,0,4,0,2,0,0,0,0,0,0,0,0,0,0,0,0
"52","Enterococcus",0,0,0,0,0,0,0,0,0,0,0,0,0,0,0,0,0,0,0,0,0,0,0,0,0,0,0,0,0,0,0,3,0,0,0,0,0,0,0,0,0,0,0,0,0,0,0,1,0,0,0,0,0,0,0,0,0,0,7,0,1,2,3,3,0,0,12,0,0,1,12,0,0,0,0,0,0,0,2,0,0,6,0,4,4,1,2,0,0,8,0,0,0,0,0,0
"53","Erysipelotrichaceae_incertae_sedis",0,0,0,2,0,6,0,0,19,6,2,1,0,0,0,0,1,0,15,0,0,0,0,0,2,0,14,0,1,0,1,7,4,1,0,0,0,0,0,0,0,15,0,0,0,0,0,19,25,2,13,10,3,4,7,19,0,8,85,7,1,27,0,42,47,56,22,16,70,62,36,28,23,12,14,23,18,6,18,5,9,83,5,1,9,3,49,96,49,13,31,110,67,0,0,0
"54","Escherichia/Shigella",0,1,0,0,0,0,0,0,0,0,7,0,1,0,0,0,0,10,0,0,0,0,0,0,1,0,0,0,0,0,0,0,0,1,0,1,0,0,0,1,5,3,0,0,0,1,0,0,0,0,0,0,332,0,10,0,2,0,61,78,0,0,1,2,1,1,0,0,0,8,0,0,0,0,2,423,1,20,0,37,12,72,54,6,0,0,0,4,0,4,0,8,12,0,3125,836
"55","Ethanoligenens",0,0,0,1,0,1,1,7,0,0,20,0,0,2,0,0,1,0,8,0,0,1,1,0,1,0,2,0,2,3,0,0,0,15,0,0,0,0,0,7,0,12,1,0,0,0,0,0,0,0,0,0,0,0,0,0,0,0,0,0,0,0,0,0,0,0,0,0,0,0,0,0,0,0,0,0,0,0,0,0,0,0,0,0,0,0,0,0,0,0,0,0,0,0,0,0
"56","Eubacterium",0,15,9,18,5,5,0,10,276,10,21,5,13,0,3,3,51,0,32,0,19,14,1,0,26,14,33,17,11,0,1,227,22,14,7,5,0,4,4,57,0,9,3,26,12,0,0,28,0,0,0,0,0,59,246,515,0,0,225,1,2,37,0,1,7,0,0,0,279,3,42,0,1,0,0,3,149,212,934,1,0,328,0,1,1,0,1,5,1,2,1,82,6,1,31,15
"57","Faecalibacterium",0,13,7,1,0,1,2,10,143,7,76,15,105,13,0,4,4,42,25,2,7,1,9,32,22,3,0,1,0,0,1,146,15,39,8,50,20,1,8,17,105,35,1,11,6,7,35,1214,1280,727,650,890,1281,609,47,233,141,54,606,775,0,2570,1432,1328,870,1912,386,572,960,403,1674,1311,1985,610,1051,724,1580,49,237,567,82,584,1080,1,856,1950,2261,1454,1841,214,1456,834,612,0,1869,644
"58","Flavonifractor",1,0,4,0,0,0,0,0,47,0,1,2,3,0,0,7,0,0,0,0,0,1,2,0,0,3,1,0,0,0,1,29,1,0,1,3,0,0,6,0,0,3,0,0,0,0,0,31,3,23,7,7,179,12,43,2,3,13,6,48,19,30,7,2,1,3,3,3,12,1,60,1,28,8,15,394,17,51,8,15,22,2,61,24,5,7,16,2,1,4,4,9,0,0,0,0
"59","Fusobacterium",0,234,228,521,17,2331,811,713,0,353,2275,500,316,1865,155,52,857,88,3816,0,2174,273,843,218,351,384,1230,55,1779,426,202,7,579,1616,472,153,2470,250,33,889,68,2697,88,2322,311,750,209,0,0,0,0,0,0,0,1,0,0,1362,65,2,1,12,1,4,1,1,3,0,7,13,2,0,1,0,1,1,1,1,0,0,1117,86,1,1,3,5,4,2,0,0,1,2,10,0,225,78
"60","Gemella",0,21,23,18,5,123,23,199,56,73,213,87,25,468,97,7,87,79,269,0,94,18,507,97,34,28,70,20,81,8,52,23,113,156,83,8,532,109,2,70,79,152,4,87,22,402,79,0,0,0,1,0,0,0,0,0,0,0,0,0,0,1,0,0,2,0,0,0,1,0,0,0,0,0,0,2,0,0,0,0,0,1,0,0,0,0,0,5,0,0,1,0,0,0,0,0
"61","Gemmiger",0,0,0,0,0,0,0,0,0,0,0,0,1,0,0,0,0,1,0,0,0,0,0,0,0,0,0,0,0,0,0,18,0,0,0,0,0,0,0,0,0,0,0,0,0,1,0,54,49,0,44,0,464,0,0,3,0,0,256,0,0,177,0,69,52,121,0,25,2,36,86,45,0,57,0,516,1,0,2,0,1,285,0,0,32,0,121,47,126,0,47,1,59,0,0,0
"62","Granulicatella",0,129,52,66,31,277,25,927,0,59,1255,349,172,360,129,95,94,276,258,0,379,171,2484,238,183,61,159,72,181,15,291,5,73,880,289,75,489,199,55,81,194,153,27,462,162,1775,226,0,1,0,0,0,0,0,0,0,0,0,0,0,0,0,1,0,0,0,0,0,2,0,0,1,0,0,0,0,0,0,0,0,0,0,0,2,0,0,1,0,0,0,1,0,1,0,1,1
"63","Haemophilus",0,426,1095,959,74,2055,765,1818,0,143,1050,399,40,5365,110,143,580,1475,929,2,737,1265,331,474,723,1692,2338,129,1668,420,539,10,221,814,408,19,6392,201,85,595,1611,654,457,778,1911,296,433,2,7,8,0,113,0,7,0,1,0,0,3,1,1,98,29,20,2,38,3,2,3,58,2,22,21,0,146,1,14,0,2,0,4,5,2,0,31,33,35,7,36,0,6,2,72,0,3,0
"64","Hallella",0,0,0,0,0,0,0,0,11,0,0,0,0,0,0,0,0,0,0,0,0,0,0,0,0,0,0,0,0,0,0,0,0,0,0,0,0,0,0,0,0,0,0,0,0,0,0,0,0,0,0,0,0,0,2,3,0,0,0,0,3,0,0,33,0,0,25,8,0,0,0,0,0,0,0,0,0,5,0,6,0,0,0,8,0,0,40,0,0,41,17,0,0,0,0,0
"65","Holdemania",0,0,0,1,0,0,0,0,0,0,0,0,0,0,0,0,2,0,1,0,1,0,0,0,0,0,7,0,0,0,0,0,0,0,0,0,0,0,1,0,0,0,0,1,0,0,0,0,0,0,0,0,0,0,0,0,0,0,0,0,0,0,0,0,14,1,0,0,0,0,0,0,0,0,0,0,0,0,0,0,0,0,0,0,0,0,0,26,2,0,0,0,0,0,0,0
"66","Howardella",0,0,0,0,0,0,0,0,0,0,0,0,0,0,0,0,1,0,13,0,0,0,0,0,0,0,0,0,0,0,0,0,0,2,1,0,0,0,1,1,0,8,0,0,0,0,0,0,0,0,0,0,0,0,0,0,0,0,0,0,0,0,0,0,0,0,0,0,0,0,0,0,0,0,0,0,0,0,0,0,0,0,0,0,0,0,0,0,0,0,0,0,0,0,0,0
"67","Hydrogenoanaerobacterium",0,0,0,0,0,0,0,0,0,0,0,0,0,0,0,0,0,0,0,0,0,0,0,0,0,0,0,0,0,0,0,0,0,0,0,0,0,0,0,0,0,0,0,0,0,0,0,0,0,0,0,0,0,0,0,0,0,0,2,0,0,3,0,11,0,0,0,1,0,0,0,0,1,0,0,0,0,0,0,0,0,3,0,0,2,0,19,0,0,1,9,0,1,0,0,0
"68","Kingella",0,3,2,15,0,8,3,3,0,11,62,21,5,89,0,1,20,6,32,0,84,14,66,13,7,0,29,1,7,2,1,0,23,47,14,1,97,0,1,26,5,17,4,105,14,66,18,0,0,0,0,0,0,0,0,0,0,0,0,0,0,13,0,0,35,0,0,0,0,7,0,0,0,0,0,0,0,0,0,0,0,0,0,0,2,0,1,82,0,2,0,0,5,0,0,0
"69","Lachnoanaerobaculum",0,14,21,20,14,26,2,50,0,21,344,66,55,22,13,196,40,2,32,0,7,30,38,7,24,19,61,28,32,0,12,0,35,231,47,21,25,22,90,43,4,16,0,14,36,20,5,0,0,0,0,0,13,0,3,0,0,0,0,2,0,2,0,0,0,0,0,0,2,3,0,0,0,0,0,18,0,3,1,1,0,1,1,0,0,1,0,0,0,0,1,0,1,0,0,0
"70","Lachnospiracea_incertae_sedis",1,15,6,17,0,21,23,23,326,25,62,11,39,0,0,41,34,7,137,0,6,2,0,13,18,9,66,0,25,14,2,449,34,58,19,15,0,1,19,30,7,80,1,8,4,2,9,256,2327,192,501,305,162,346,79,330,97,155,814,253,73,1266,662,757,233,1410,932,271,880,1226,465,2685,635,385,424,380,1016,84,370,232,197,801,288,57,359,867,1189,376,1457,712,576,860,1943,0,2,2
"71","Lactobacillus",0,5,0,4,1,30,2,7,1617,13,30,5,5,0,4,20,7,0,15,0,29,5,42,0,5,0,11,3,28,1,2,1763,18,21,7,0,0,4,7,6,0,13,1,29,6,28,3,4,6,1,7,8,0,9,15,24,1,0,11,6,0,23,3,89,1,70,69,22,23,24,8,14,12,4,11,5,14,12,27,6,4,12,4,0,5,3,130,5,101,100,33,47,41,0,1030,352
"72","Lactococcus",0,0,0,0,0,0,0,0,0,0,0,0,0,0,0,0,0,0,0,0,0,0,0,0,0,0,0,0,0,0,0,0,0,0,0,0,0,0,0,0,0,0,0,0,0,0,0,0,0,0,0,0,0,0,0,0,0,0,0,0,0,0,0,0,0,1,0,0,2,4,0,0,0,0,0,0,0,0,0,0,0,2,0,0,0,0,0,0,0,0,0,0,12,0,0,0
"73","Leptotrichia",0,18,8,34,9,81,59,21,25,43,527,124,163,79,0,100,225,10,286,0,88,70,447,57,60,8,68,26,58,31,8,75,59,333,152,69,98,0,50,252,7,235,22,87,96,440,68,0,45,8,0,0,0,0,0,1,0,0,0,305,0,83,3,14,0,0,6,4,55,0,0,65,0,0,0,0,0,0,0,0,0,0,342,0,30,1,22,0,0,18,5,27,0,0,97,31
"74","Massilia",0,0,0,0,0,0,0,0,0,0,0,0,0,0,0,0,0,0,0,0,0,0,0,0,0,0,0,0,0,0,0,0,0,0,0,0,0,0,0,0,0,0,0,0,0,0,0,0,0,0,0,0,0,0,0,12,0,0,0,0,0,6,0,0,0,0,0,0,0,0,0,0,0,0,0,0,0,0,8,0,0,0,0,0,1,0,0,0,0,0,0,0,0,0,0,0
"75","Megasphaera",0,14,32,70,95,15,1,12,0,106,117,31,12,10,13,123,91,3,8,0,41,29,0,11,31,39,187,165,13,0,2,0,149,96,18,4,10,10,52,71,1,5,3,54,42,0,8,0,0,0,0,0,0,0,0,0,0,0,1,0,0,0,1,0,0,0,0,0,0,0,0,0,0,0,0,0,0,0,0,0,0,0,0,0,0,0,0,0,0,0,0,0,0,0,0,0
"76","Methylobacillus",0,0,0,0,0,0,0,0,26,0,0,0,0,0,0,0,0,0,0,0,0,0,0,0,0,0,0,0,0,0,0,0,0,0,0,0,0,0,0,0,0,0,0,0,0,0,0,0,0,0,0,0,0,0,1,2,0,0,0,0,0,0,0,0,0,0,0,0,0,0,0,0,0,0,0,0,0,3,6,0,0,0,0,0,0,0,0,0,0,0,0,0,0,0,0,0
"77","Methylobacterium",0,0,0,0,0,0,0,0,0,0,0,0,0,0,0,2,3,0,15,0,0,2,0,0,0,0,0,0,0,0,0,18,0,0,0,0,0,0,0,0,0,8,0,0,5,0,0,0,0,0,0,0,0,0,0,0,0,0,0,0,0,0,0,0,0,0,0,0,0,0,0,0,0,0,0,0,0,0,0,0,0,0,0,0,0,0,0,0,0,0,0,0,0,0,0,0
"78","Mobiluncus",0,0,0,0,0,0,0,0,0,0,0,0,0,0,0,0,0,0,0,0,0,0,0,0,0,0,0,0,0,0,0,0,0,0,0,0,0,0,0,0,0,0,0,0,0,0,0,0,0,3,0,0,0,0,0,8,0,0,9,0,0,0,0,23,0,0,0,8,8,10,0,0,8,0,0,0,0,0,1,0,0,14,0,0,0,0,29,0,0,0,13,7,15,0,0,0
"79","Mogibacterium",0,8,0,19,52,3,0,19,0,7,159,11,30,11,10,33,36,1,24,0,31,12,11,3,10,6,25,85,13,0,6,0,12,136,21,15,11,28,14,44,1,11,7,28,14,6,4,0,0,0,0,0,0,0,0,0,0,0,0,0,0,0,0,0,0,0,0,1,0,0,0,0,0,0,0,0,0,0,0,0,0,0,0,0,0,0,0,0,0,0,0,0,0,0,0,0
"80","Moraxella",0,0,0,0,0,0,0,0,0,0,0,0,0,0,0,0,0,0,0,0,0,0,0,0,0,0,0,0,0,0,0,0,0,0,0,0,0,0,0,0,0,0,0,0,0,0,0,0,0,0,0,0,0,0,0,0,0,0,0,0,0,0,0,0,0,0,0,0,0,0,0,0,0,0,0,0,0,0,0,0,0,0,0,0,0,0,0,0,0,0,0,2,0,0,872,287
"81","Moryella",0,13,40,57,13,44,2,18,0,39,301,54,77,0,139,71,25,0,20,0,40,17,375,19,41,59,122,37,39,1,3,0,70,272,57,41,0,242,40,18,0,8,9,34,12,316,31,0,0,0,0,0,0,0,0,0,0,0,0,0,0,0,0,0,0,1,0,0,1,0,0,0,0,0,0,0,0,0,0,0,0,0,0,0,0,0,0,0,0,0,0,0,0,0,0,0
"82","Mycoplasma",0,6,0,11,1,40,0,19,0,11,6,31,15,0,2,56,176,0,333,0,19,0,0,11,3,0,26,0,24,1,5,0,6,5,32,8,0,1,29,148,0,220,20,5,0,0,10,0,0,0,0,0,0,0,0,0,0,0,0,0,0,0,0,0,0,0,0,0,0,0,0,0,0,0,0,0,0,0,0,0,0,0,0,0,0,0,0,0,0,0,1,0,0,0,0,0
"83","Neisseria",0,534,748,185,19,892,361,748,10,161,501,210,36,1447,215,5,183,186,4039,2,670,3138,812,0,866,1176,447,9,722,177,216,1,262,406,210,13,1641,273,2,189,154,2597,69,722,3861,578,0,0,4,0,0,1,1,1,3,2,0,0,0,4,0,2,0,7,0,2,1,1,1,2,1,2,5,0,2,0,1,2,1,0,0,2,0,0,0,2,14,2,1,1,7,1,2,0,0,0
"84","Odoribacter",0,0,0,0,0,0,0,0,0,1,2,0,1,0,0,0,1,0,1,0,0,0,0,0,1,0,0,0,0,0,0,9,1,1,0,0,0,0,0,1,0,0,0,0,0,0,0,3,0,8,0,0,0,0,0,0,0,0,0,0,0,8,0,26,3,0,20,4,233,14,12,0,16,0,0,0,0,0,0,0,0,0,0,0,5,0,52,3,0,24,21,77,18,0,0,0
"85","Olsenella",0,0,0,0,0,0,0,0,0,0,0,0,0,0,0,0,0,0,0,0,0,0,0,0,0,0,0,0,0,0,0,0,0,0,0,0,0,0,0,0,0,0,0,0,0,0,0,0,0,0,0,0,0,0,0,0,0,0,0,0,0,9,0,0,0,0,0,0,0,0,0,0,0,0,0,0,0,0,0,0,0,0,0,0,2,0,0,0,0,0,0,0,0,0,0,0
"86","Oribacterium",0,147,242,229,44,402,19,105,0,227,663,165,248,326,96,395,143,0,79,0,526,469,0,81,283,409,520,82,313,10,34,0,433,493,157,87,344,139,178,154,1,44,190,559,546,0,94,0,0,0,0,0,0,0,1,0,0,0,0,0,0,0,0,0,0,0,0,0,0,0,0,0,0,0,0,0,0,0,0,0,0,0,0,0,0,2,2,0,0,0,1,0,0,0,1,0
"87","Oscillibacter",0,4,3,20,0,1,90,6,229,3,9,0,7,0,0,1,66,5,26,0,4,0,2,0,13,1,51,0,1,40,1,314,1,14,0,6,0,0,0,75,19,31,0,4,0,1,0,68,72,68,12,19,125,16,126,118,6,46,122,62,82,274,69,168,115,68,135,52,324,397,140,89,206,11,23,89,21,125,156,46,115,156,78,173,37,121,299,204,53,131,122,156,620,0,30,4
"88","Parabacteroides",0,5,0,2,0,0,5,0,320,7,29,0,19,0,0,0,0,1,3,0,96,44,1,0,4,0,10,0,0,6,0,256,10,20,1,6,2,0,1,6,6,2,0,103,73,1,0,146,108,125,202,141,454,139,404,351,102,295,286,102,151,210,436,331,23,6,556,221,490,250,230,163,79,176,251,437,338,307,533,557,626,324,129,97,42,685,499,32,30,236,411,148,424,0,0,1
"89","Paraprevotella",0,0,0,0,0,0,0,0,1,0,0,0,0,0,0,0,0,2,0,0,0,0,0,0,1,0,0,0,0,0,0,32,0,0,0,0,0,0,0,0,0,2,0,0,0,0,0,0,0,0,0,0,24,0,6,0,0,0,0,0,0,0,0,130,0,0,234,125,1,1,0,0,0,0,0,54,0,11,0,0,0,0,0,0,0,0,242,1,0,80,210,0,0,0,0,0
"90","Parasporobacterium",0,0,0,0,0,0,0,0,9,0,0,0,0,0,0,0,0,0,0,0,0,0,0,0,0,0,0,0,0,0,0,0,0,0,0,0,0,0,0,0,0,0,0,0,0,0,0,0,0,0,0,0,0,0,0,0,0,0,0,0,0,0,0,0,0,0,0,0,0,0,0,0,0,0,0,0,0,0,0,0,0,0,0,0,0,0,0,0,0,0,0,0,0,0,0,0
"91","Parasutterella",0,0,0,0,0,0,0,0,0,0,9,0,0,0,0,1,0,0,0,0,0,0,0,1,0,0,0,0,0,0,0,0,0,15,0,0,1,0,0,0,2,0,0,0,0,0,0,34,143,3,105,65,199,54,3,0,24,82,54,1,0,2,154,0,30,163,149,0,190,18,44,242,3,96,113,237,156,4,0,142,125,52,0,0,0,229,3,56,129,58,0,111,31,0,0,0
"92","Parvimonas",0,0,1,8,0,4,2,2,0,3,1,0,3,0,0,1,0,0,38,0,0,0,0,0,1,1,13,0,2,0,0,5,6,3,0,3,0,0,0,0,0,36,0,0,0,0,0,0,1,1,0,0,0,0,0,0,0,0,1,0,27,0,1,0,0,0,0,0,0,0,0,0,0,0,0,0,0,0,0,0,0,1,0,100,1,0,0,0,0,0,0,2,0,0,0,0
"93","Peptococcus",0,0,0,0,0,0,0,0,0,0,0,0,0,0,0,0,0,0,0,0,0,0,0,0,0,0,0,0,0,0,0,0,0,0,0,0,0,0,0,0,0,0,0,0,0,0,0,0,0,0,0,0,0,0,0,0,0,0,0,0,0,0,0,24,0,0,0,0,0,0,0,0,0,0,0,0,0,0,0,0,0,0,0,0,0,0,46,0,0,0,10,0,0,0,0,0
"94","Peptostreptococcaceae_incertae_sedis",0,2,1,2,1,34,1,3,0,10,11,1,0,5,0,0,10,0,22,0,3,2,30,1,4,1,8,0,20,2,1,28,23,7,2,0,13,0,0,3,0,10,0,6,1,19,1,0,0,0,0,2,0,0,4,6,1,2,2,0,1,6,0,2,0,8,6,0,3,0,0,0,1,0,4,0,0,3,9,1,1,2,0,0,2,1,1,2,4,35,3,13,0,0,0,0
"95","Peptostreptococcus",0,12,8,30,0,55,3,14,0,6,19,5,2,0,0,0,83,0,24,0,84,21,0,0,14,23,62,0,44,1,3,0,14,14,4,3,0,0,0,87,0,26,0,85,16,0,0,0,0,0,0,0,0,0,0,0,0,0,1,0,0,0,0,0,0,0,0,0,0,0,0,0,0,0,0,0,0,0,0,0,0,0,0,0,0,0,0,0,0,0,0,0,0,0,0,0
"96","Phascolarctobacterium",0,8,0,7,0,0,0,5,23,0,23,1,0,0,0,0,0,0,3,0,0,0,1,0,6,0,14,0,0,0,0,92,1,23,0,0,0,0,0,0,0,0,0,0,0,0,0,26,0,0,0,0,330,0,65,104,0,0,0,42,56,727,80,35,40,180,1,15,183,65,59,0,0,0,0,317,0,49,236,0,0,0,53,65,223,93,63,60,145,0,52,122,95,0,0,0
"97","Phenylobacterium",0,0,0,0,0,0,0,0,0,0,0,0,0,0,0,0,0,0,0,0,0,0,0,0,0,0,0,0,0,0,0,0,0,0,0,0,0,0,0,0,0,0,0,0,0,0,0,0,0,0,1,0,0,0,0,0,1,1,1,1,0,0,0,0,0,3,0,0,0,0,0,0,0,0,0,0,1,0,1,0,0,1,0,0,0,0,0,0,2,0,0,0,0,0,0,0
"98","Phocaeicola",0,0,0,0,0,0,0,0,0,0,0,0,0,0,0,0,0,0,0,0,0,0,0,0,0,0,0,0,0,0,0,0,0,0,0,0,0,0,0,0,0,0,0,0,0,0,0,0,0,0,0,0,0,0,0,0,0,4,0,0,0,22,0,1,0,5,0,0,8,0,0,6,6,0,0,0,0,0,0,0,6,0,0,0,13,0,0,0,4,0,0,11,0,0,0,0
"99","Phyllobacterium",0,0,0,0,0,0,0,0,0,0,0,0,0,0,0,0,0,0,0,0,0,0,0,0,0,0,0,0,0,0,0,0,0,0,0,0,0,0,0,0,0,0,0,0,0,0,0,0,0,0,0,0,0,0,0,0,0,0,0,0,0,0,0,25,0,0,0,8,0,0,0,0,0,0,0,0,0,0,0,0,0,0,0,0,0,0,26,0,0,0,8,0,0,0,0,0
"100","Porphyromonas",0,348,202,83,9,2991,1406,154,13,420,190,229,122,2033,37,4,1478,0,823,0,380,214,581,271,641,355,257,4,2229,822,64,73,719,171,216,50,2402,57,3,1432,0,545,1285,410,239,478,296,39,28,7,14,30,0,1,4,1,0,7,41,11,0,53,31,38,3,36,40,8,39,44,84,51,34,11,43,2,3,5,6,0,9,50,6,0,21,32,49,2,26,39,25,38,72,0,607,228
"101","Prevotella",1,1907,1865,1932,544,2419,1037,981,266,1180,4840,1065,827,2382,457,1912,1072,470,999,0,5894,3906,5526,882,3404,2799,4669,1094,1856,566,280,199,1791,3761,1029,339,2805,666,1053,1054,375,624,2275,6227,4763,4292,833,53,7,33,21,2,76,10,16,25,1,30,126,12,2,6308,521,564,31,21,177,103,156,86,79,15,54,9,4,81,18,18,14,2,82,180,15,7,3381,628,902,49,49,102,269,87,153,1,199,74
"102","Propionibacterium",0,0,0,0,0,0,2,4,50,1,2,3,2,2,0,3,3,6,2,0,1,0,2,3,1,0,1,0,0,0,1,95,0,0,3,1,4,0,3,2,0,3,11,0,0,3,1,0,0,0,0,0,0,0,0,0,0,0,0,0,0,0,0,0,0,0,0,0,0,0,0,0,0,0,0,0,0,0,0,0,0,0,0,0,0,0,0,0,0,2,0,0,0,0,242,76
"103","Pseudochrobactrum",0,0,1,0,0,0,1,5,0,0,0,6,4,0,0,2,0,0,0,0,0,0,0,17,2,1,1,0,0,0,1,0,0,2,12,1,0,0,4,0,0,0,0,0,0,0,21,0,0,0,0,0,0,0,0,0,0,0,0,0,0,0,0,0,0,0,0,0,0,0,0,0,0,0,0,0,0,0,0,0,0,0,0,0,0,0,0,0,0,0,0,0,0,0,0,0
"104","Pseudoflavonifractor",0,0,0,0,0,0,0,0,5,0,2,0,0,0,0,0,0,0,0,8,0,0,0,0,0,0,0,0,0,0,0,0,0,1,0,0,0,0,0,0,0,0,0,0,0,0,0,4,8,4,13,0,166,1,63,1,8,27,19,65,10,0,15,8,1,5,14,7,25,0,10,8,1,4,2,92,12,47,7,45,76,23,85,35,0,20,15,6,7,4,13,20,2,0,0,0
"105","Pseudomonas",0,0,0,0,0,0,0,0,1,1,1,0,0,0,0,0,0,0,0,0,0,0,0,0,0,0,0,0,0,0,0,9,0,0,0,0,0,0,0,0,0,0,0,0,0,0,0,0,0,0,1,0,3,0,33,2,0,1,8,0,0,0,0,1,0,1,1,1,1,0,0,0,1,0,0,5,0,64,4,8,3,5,4,1,0,3,3,0,0,2,3,1,0,0,0,0
"106","Ralstonia",0,0,0,0,0,0,0,0,0,0,0,0,0,0,0,0,0,0,0,0,0,0,0,0,0,0,0,0,0,0,0,0,0,0,0,0,0,0,0,0,0,0,0,0,0,0,0,2,0,0,0,0,0,0,0,0,0,0,0,0,0,9,0,1,0,0,0,1,0,7,2,0,0,0,0,0,0,0,0,0,0,0,0,0,1,0,6,0,0,0,3,0,2,0,0,0
"107","Roseburia",0,4,0,0,0,0,1,0,19,0,18,0,14,0,0,0,1,2,3,0,1,0,1,1,3,0,0,0,0,1,0,14,0,9,0,5,0,1,2,3,3,2,0,0,0,1,0,12,620,127,105,163,41,46,0,5,39,27,35,161,146,158,91,33,27,280,38,21,271,11,33,711,327,78,514,104,94,0,6,230,44,26,231,67,81,165,56,52,200,33,33,529,16,0,1,1
"108","Rothia",1,104,54,34,45,218,17,1348,2469,33,830,615,238,2348,107,434,129,832,509,1,475,350,1570,3935,200,62,113,70,168,10,388,2340,58,620,536,78,2917,163,234,94,751,366,1679,522,432,1197,3533,0,2,0,0,0,0,0,0,0,1,0,0,0,0,0,9,0,1,0,0,8,0,1,0,3,1,0,0,0,0,0,0,0,0,1,1,0,0,0,1,0,0,1,0,0,0,0,127,45
"109","Ruminococcus",0,145,60,44,43,385,47,327,1593,145,533,511,480,378,182,375,170,872,103,0,127,152,1166,954,214,102,86,104,252,22,80,1597,222,390,454,188,519,247,226,163,717,63,141,128,203,941,836,102,126,398,0,25,0,0,51,194,0,12,526,4,0,297,30,144,303,551,16,76,914,73,229,128,780,0,54,2,0,32,220,0,26,554,6,1,50,19,233,339,567,16,120,632,142,0,0,1
"110","Ruminococcus2",0,0,0,0,0,0,0,0,106,1,2,1,0,0,0,0,0,0,0,0,0,0,0,0,0,0,0,0,0,0,0,108,2,4,0,0,0,0,0,0,0,0,0,0,0,0,0,15,0,6,27,0,967,8,736,24,8,11,21,6,12,55,4,11,5,8,86,11,33,17,13,0,11,11,2,1586,4,1015,33,34,20,26,7,22,6,1,18,9,3,99,14,19,30,0,0,0
"111","Saccharibacteria_genera_incertae_sedis",0,854,502,1023,9,697,1108,958,62,540,2965,749,3086,0,278,2260,1371,1,2591,0,1204,865,1372,63,1621,789,2576,19,521,578,249,98,921,2070,750,1377,0,444,1119,1342,1,1723,125,1183,1108,1104,68,0,51,0,1,15,42,7,29,191,22,34,5,14,1,34,0,116,0,0,35,83,7,0,2,77,1,0,29,37,8,24,227,175,48,3,22,0,7,3,201,0,1,10,152,0,7,0,0,0
"112","Schlegelella",0,8,96,33,0,0,4,35,0,57,574,0,1,0,0,0,2,283,819,1,34,357,644,0,17,113,87,0,1,1,11,0,102,369,0,0,0,0,0,8,226,506,389,26,435,442,0,0,0,0,0,0,0,0,0,0,0,0,0,0,0,0,0,0,0,0,0,0,0,0,0,0,0,0,0,0,0,0,0,0,0,0,0,0,0,0,0,0,0,0,0,0,0,0,31,18
"113","Schwartzia",0,0,0,1,0,0,0,0,0,0,0,0,0,0,0,0,0,0,0,0,0,0,0,0,0,0,0,0,0,0,0,0,1,0,0,0,0,0,0,0,0,0,0,0,0,0,0,0,0,0,0,0,0,0,0,0,0,0,0,0,0,24,0,0,0,0,72,0,0,0,0,0,0,0,0,0,0,0,0,0,0,0,0,0,7,0,0,0,0,40,0,0,0,0,0,0
"114","Selenomonas",0,73,17,32,18,75,29,22,15,246,166,11,50,18,0,161,163,0,48,0,272,25,39,5,99,22,74,36,53,19,7,1,382,142,19,14,7,0,92,136,0,34,48,299,25,35,3,3,8,0,5,6,7,6,8,33,1,8,9,11,16,99,20,23,4,25,25,12,42,2,31,11,3,2,14,18,9,18,36,23,23,9,12,57,36,9,51,2,10,18,35,50,8,0,0,0
"115","Simonsiella",0,0,0,1,0,5,0,0,0,2,0,3,0,0,0,0,0,0,12,0,0,0,0,0,0,0,4,0,2,0,0,0,7,0,2,0,0,0,0,0,0,7,0,0,0,0,0,0,0,0,0,0,0,0,0,0,0,0,0,0,0,0,0,0,0,0,0,0,0,0,0,0,0,0,0,0,0,0,0,0,0,0,0,0,0,0,0,0,0,0,0,0,0,0,0,0
"116","Skermanella",0,0,0,0,0,0,0,0,0,0,0,0,0,0,0,0,0,0,0,0,0,0,0,0,0,0,0,0,0,0,0,0,0,0,0,0,0,0,0,0,0,0,0,0,0,0,0,0,0,0,0,0,0,0,0,0,0,0,0,0,0,4,0,0,0,0,0,0,0,0,0,0,0,0,0,0,0,0,0,0,0,0,0,0,1,0,0,0,0,0,0,0,0,0,0,0
"117","Slackia",0,0,0,0,0,0,0,0,23,0,0,0,0,0,0,9,1,0,0,0,0,0,0,0,0,0,0,0,0,0,0,7,0,0,0,0,0,1,12,0,0,0,0,0,0,1,0,0,0,0,0,0,5,2,5,0,0,0,0,3,0,0,0,0,0,0,0,0,0,0,1,0,0,0,1,12,2,8,0,0,0,1,3,0,0,0,0,3,1,1,0,0,0,0,0,0
"118","Sneathia",0,1,4,2,0,0,0,0,0,0,0,0,0,0,0,0,17,9,1,0,0,2,0,0,1,8,2,0,0,0,0,0,0,0,0,0,0,0,0,12,1,5,0,0,1,0,0,0,0,0,0,5,0,0,0,0,0,0,0,0,0,0,0,0,0,0,0,0,0,0,0,0,0,0,9,0,0,0,0,0,0,0,0,1,0,0,0,0,0,0,0,0,0,0,0,0
"119","Solobacterium",0,69,5,28,5,51,3,23,0,13,25,7,9,16,4,9,27,0,14,0,20,34,1,1,127,13,75,13,48,2,4,0,19,18,11,9,19,3,7,17,0,19,6,19,56,0,4,0,0,0,0,0,0,0,0,0,0,0,0,0,0,0,0,0,0,0,0,0,0,0,0,0,0,0,0,0,0,0,0,0,1,0,0,0,0,0,0,0,0,0,0,0,0,0,0,0
"120","Soonwooa",0,4,8,11,0,48,13,35,0,4,66,18,29,37,0,0,15,16,137,0,8,20,80,1,6,19,56,0,28,15,8,0,17,71,16,11,52,1,0,25,13,76,2,15,20,70,2,0,0,0,0,0,0,0,0,0,0,0,0,0,0,0,0,0,0,0,0,0,1,0,0,0,0,0,0,0,0,0,0,0,0,0,0,0,0,0,0,0,0,0,0,0,0,0,0,0
"121","SR1_genera_incertae_sedis",0,3,29,136,0,87,934,12,0,0,130,46,0,1,0,0,13,0,3402,0,126,1,125,0,19,36,348,0,80,564,12,0,0,96,37,0,0,0,0,12,1,2604,26,128,0,121,0,0,0,0,0,0,0,0,0,0,0,0,0,0,0,3,0,1,0,0,0,0,1,1,0,0,0,0,0,0,0,0,0,0,0,0,0,0,0,2,0,0,0,0,0,0,0,1,0,0
"122","Staphylococcus",0,0,0,0,0,0,1,0,0,0,1,0,0,2,0,2,0,1,8,0,0,1,1,0,0,0,0,0,0,0,0,3,0,1,0,1,1,1,0,1,0,5,0,0,0,1,0,0,0,0,0,0,0,0,0,0,0,0,0,0,0,0,0,0,0,0,0,0,0,0,0,0,0,0,0,0,0,0,0,0,0,0,0,0,0,0,0,0,0,0,0,3,0,0,1730,534
"123","Stenotrophomonas",0,0,0,0,0,0,0,0,6,0,0,0,0,0,0,0,0,0,0,0,0,0,0,0,0,0,0,0,0,0,1,14,0,3,0,0,1,0,0,0,0,0,0,0,0,0,0,0,0,0,3,3,41,2,0,0,1,0,3,2,20,0,1,1,0,0,16,0,0,0,0,0,0,10,4,96,6,0,0,25,0,1,4,8,0,5,5,0,0,11,5,0,0,0,0,0
"124","Streptococcus",0,139,286,232,249,425,49,295,1501,787,2179,897,402,1643,355,713,387,419,491,0,1203,582,2703,1045,267,483,633,426,298,29,69,1724,1223,1601,856,163,2215,484,348,369,377,324,512,1260,691,2223,999,62,94,53,675,90,140,10,0,154,9,246,215,54,128,38,131,62,41,62,129,21,136,39,94,158,122,573,144,318,41,0,171,32,608,238,66,210,9,160,76,87,171,73,55,49,68,0,1310,454
"125","Streptophyta",0,36,474,5,0,0,1,2,7,0,1,1,3,0,1,0,1,6,11,0,0,4,23,0,90,715,11,0,0,0,0,29,0,0,1,0,0,0,0,0,3,0,0,0,10,15,1,3,0,0,0,0,0,0,0,1,0,1,0,0,0,17,0,0,4,0,0,0,0,1,3,2,0,0,0,0,0,0,0,0,0,0,0,0,2,0,1,5,0,0,0,0,0,0,0,0
"126","Subdoligranulum",0,4,0,0,0,0,0,0,39,0,3,0,13,1,0,3,1,3,1,0,1,0,1,0,7,0,0,0,0,0,0,68,1,0,0,8,0,0,0,4,3,0,0,1,0,2,0,110,292,148,76,1746,23,32,56,8,0,0,335,0,0,47,0,52,158,536,147,16,0,23,220,185,507,58,2043,121,83,51,6,0,0,464,0,0,33,0,82,254,1099,98,54,0,36,0,0,0
"127","Succiniclasticum",0,0,0,0,0,0,0,0,44,0,1,0,3,0,0,0,0,0,0,0,0,0,0,0,0,0,1,0,0,0,0,51,1,2,0,0,0,0,0,1,0,0,0,0,0,1,0,0,0,4,0,0,129,3,0,15,1,29,30,45,16,15,3,13,2,27,12,7,29,2,0,0,27,0,0,199,5,0,25,5,48,37,63,15,5,2,20,15,26,23,15,56,0,0,0,0
"128","Sutterella",0,1,0,0,0,0,0,0,13,0,0,0,10,0,0,1,1,2,50,0,0,0,0,0,4,0,0,0,0,0,0,20,0,0,0,6,1,0,0,1,0,37,4,0,0,0,0,3,0,180,0,1,1,0,137,0,0,0,0,0,1,118,0,22,0,0,0,6,1,0,8,0,72,0,2,1,0,127,0,0,0,0,0,0,47,0,48,1,0,0,16,0,0,0,0,0
"129","Syntrophococcus",0,0,0,0,0,0,0,0,0,0,0,0,0,0,0,0,0,0,0,0,0,0,0,0,0,0,0,0,0,0,0,0,0,0,0,0,0,0,0,0,0,0,0,0,0,0,0,0,0,0,0,15,0,0,0,0,0,0,0,0,0,0,0,0,0,0,0,0,0,0,0,0,0,0,26,0,0,0,0,0,0,0,0,0,0,0,0,0,0,0,0,0,0,0,0,0
"130","Tannerella",0,0,0,1,0,1,0,2,14,0,1,5,0,0,0,0,37,0,75,0,0,6,1,0,0,0,4,0,1,0,1,0,3,0,3,0,0,1,0,34,0,64,1,0,9,5,1,0,0,0,0,0,0,0,0,0,0,0,0,0,0,13,4,18,6,5,22,9,0,13,0,0,0,0,0,0,0,0,0,0,0,0,0,0,4,6,27,21,3,10,15,0,15,0,166,59
"131","Tessaracoccus",0,1,1,0,0,1,0,2,11,0,5,5,0,0,0,6,1,0,9,0,2,2,64,6,4,3,4,0,0,1,2,4,0,1,3,0,0,0,0,4,0,13,0,2,6,49,7,5,0,0,0,0,0,0,0,0,0,0,0,0,0,14,0,0,0,0,0,0,0,0,11,0,0,0,0,0,0,0,0,0,0,0,0,0,6,0,0,0,0,0,0,1,0,0,0,0
"132","Treponema",0,4,4,31,1,36,104,7,31,7,26,4,1,0,0,2,70,0,5,0,10,22,131,1,10,6,70,4,21,61,5,26,14,27,3,0,0,0,2,60,0,5,45,14,24,103,0,0,0,2,0,12,3,1,0,0,0,0,10,0,0,6,0,38,14,5,51,6,1,31,3,0,1,0,17,4,14,1,1,1,0,9,1,0,1,1,79,22,6,31,9,4,37,0,327,112
"133","Turicibacter",0,0,0,0,0,0,0,0,36,2,0,0,0,0,0,0,0,0,0,0,0,0,0,0,0,0,0,0,0,0,0,36,0,0,0,0,0,0,0,0,0,0,0,0,0,0,0,2,0,2,0,0,1,1,4,78,0,1,3,0,0,1,0,53,19,0,12,8,0,95,0,0,0,1,0,0,2,2,103,0,0,1,0,5,1,0,101,35,2,10,17,1,228,0,0,0
"134","Unclassified",3,203,82,426,19,800,620,355,527,384,660,392,371,147,86,728,1294,84,1683,3,357,415,1233,204,355,110,953,44,644,348,121,613,643,503,325,149,189,132,400,1348,99,1076,89,359,508,976,200,136,711,281,108,747,656,584,1234,525,24,202,714,228,196,981,130,1752,360,1034,1412,569,711,624,273,784,969,87,1325,1322,1479,1278,636,250,286,801,255,264,266,171,2549,885,927,902,1012,970,1064,2,640,217
"135","Veillonella",0,370,970,1059,516,2333,327,832,45,1237,949,553,720,960,217,1701,1318,1427,515,3,1205,1551,2520,579,632,1451,2586,979,1710,216,216,36,1922,776,538,311,1161,366,850,1160,1270,381,112,1255,1790,1871,546,2,4,1,1,1,4,8,0,1,0,6,7,10,1,10,27,5,4,7,12,0,6,0,8,7,10,0,6,9,26,1,1,4,5,9,15,0,4,57,9,6,11,2,4,4,0,1,78,33
"136","Victivallis",0,0,0,0,0,0,0,0,26,0,0,0,0,0,0,0,0,0,0,0,0,0,0,0,0,0,0,0,0,0,0,5,1,0,0,0,0,0,0,0,0,0,0,0,0,2,0,8,6,4,4,7,9,2,0,17,0,0,0,0,0,17,0,19,0,8,14,11,16,4,7,7,14,3,10,12,4,0,34,0,0,0,0,0,8,0,49,5,7,3,18,10,10,0,0,0
