"","family","Aging_16S_negative_CTRL_S48_L001.clean.fasta","Aging_16S_saliva_rep1_14_194J_100_S51_L001.clean.fasta","Aging_16S_saliva_rep1_14_194J_101_S54_L001.clean.fasta","Aging_16S_saliva_rep1_14_194J_102_S55_L001.clean.fasta","Aging_16S_saliva_rep1_14_194J_103_S69_L001.clean.fasta","Aging_16S_saliva_rep1_14_194J_104_S70_L001.clean.fasta","Aging_16S_saliva_rep1_14_194J_105_S82_L001.clean.fasta","Aging_16S_saliva_rep1_14_194J_106_S83_L001.clean.fasta","Aging_16S_saliva_rep1_14_194J_107_S85_L001.clean.fasta","Aging_16S_saliva_rep1_14_194J_108_S86_L001.clean.fasta","Aging_16S_saliva_rep1_14_194J_109_S87_L001.clean.fasta","Aging_16S_saliva_rep1_14_194J_200_S49_L001.clean.fasta","Aging_16S_saliva_rep1_14_194J_201_S50_L001.clean.fasta","Aging_16S_saliva_rep1_14_194J_202_S52_L001.clean.fasta","Aging_16S_saliva_rep1_14_194J_203_S53_L001.clean.fasta","Aging_16S_saliva_rep1_14_194J_204_S56_L001.clean.fasta","Aging_16S_saliva_rep1_14_194J_205_S65_L001.clean.fasta","Aging_16S_saliva_rep1_14_194J_206_S66_L001.clean.fasta","Aging_16S_saliva_rep1_14_194J_207_S71_L001.clean.fasta","Aging_16S_saliva_rep1_14_194J_208_S72_L001.clean.fasta","Aging_16S_saliva_rep1_14_194J_209_S84_L001.clean.fasta","Aging_16S_saliva_rep1_14_194J_300_S67_L001.clean.fasta","Aging_16S_saliva_rep1_14_194J_301_S68_L001.clean.fasta","Aging_16S_saliva_rep1_14_194J_302_S81_L001.clean.fasta","Aging_16S_saliva_rep2_14_194J_100_S59_L001.clean.fasta","Aging_16S_saliva_rep2_14_194J_101_S62_L001.clean.fasta","Aging_16S_saliva_rep2_14_194J_102_S63_L001.clean.fasta","Aging_16S_saliva_rep2_14_194J_103_S77_L001.clean.fasta","Aging_16S_saliva_rep2_14_194J_104_S78_L001.clean.fasta","Aging_16S_saliva_rep2_14_194J_105_S89_L001.clean.fasta","Aging_16S_saliva_rep2_14_194J_106_S90_L001.clean.fasta","Aging_16S_saliva_rep2_14_194J_107_S92_L001.clean.fasta","Aging_16S_saliva_rep2_14_194J_108_S93_L001.clean.fasta","Aging_16S_saliva_rep2_14_194J_109_S94_L001.clean.fasta","Aging_16S_saliva_rep2_14_194J_200_S57_L001.clean.fasta","Aging_16S_saliva_rep2_14_194J_201_S58_L001.clean.fasta","Aging_16S_saliva_rep2_14_194J_202_S60_L001.clean.fasta","Aging_16S_saliva_rep2_14_194J_203_S61_L001.clean.fasta","Aging_16S_saliva_rep2_14_194J_204_S64_L001.clean.fasta","Aging_16S_saliva_rep2_14_194J_205_S73_L001.clean.fasta","Aging_16S_saliva_rep2_14_194J_206_S74_L001.clean.fasta","Aging_16S_saliva_rep2_14_194J_207_S79_L001.clean.fasta","Aging_16S_saliva_rep2_14_194J_208_S80_L001.clean.fasta","Aging_16S_saliva_rep2_14_194J_209_S91_L001.clean.fasta","Aging_16S_saliva_rep2_14_194J_300_S75_L001.clean.fasta","Aging_16S_saliva_rep2_14_194J_301_S76_L001.clean.fasta","Aging_16S_saliva_rep2_14_194J_302_S88_L001.clean.fasta","Aging_16S_stool1_14_194J_100_S5_L001.clean.fasta","Aging_16S_stool1_14_194J_101_S11_L001.clean.fasta","Aging_16S_stool1_14_194J_102_S13_L001.clean.fasta","Aging_16S_stool1_14_194J_103_S25_L001.clean.fasta","Aging_16S_stool1_14_194J_104_S27_L001.clean.fasta","Aging_16S_stool1_14_194J_105_S35_L001.clean.fasta","Aging_16S_stool1_14_194J_106_S37_L001.clean.fasta","Aging_16S_stool1_14_194J_107_S41_L001.clean.fasta","Aging_16S_stool1_14_194J_108_S43_L001.clean.fasta","Aging_16S_stool1_14_194J_109_S45_L001.clean.fasta","Aging_16S_stool1_14_194J_200_S1_L001.clean.fasta","Aging_16S_stool1_14_194J_201_S3_L001.clean.fasta","Aging_16S_stool1_14_194J_202_S7_L001.clean.fasta","Aging_16S_stool1_14_194J_203_S9_L001.clean.fasta","Aging_16S_stool1_14_194J_204_S15_L001.clean.fasta","Aging_16S_stool1_14_194J_205_S17_L001.clean.fasta","Aging_16S_stool1_14_194J_206_S19_L001.clean.fasta","Aging_16S_stool1_14_194J_207_S29_L001.clean.fasta","Aging_16S_stool1_14_194J_208_S31_L001.clean.fasta","Aging_16S_stool1_14_194J_209_S39_L001.clean.fasta","Aging_16S_stool1_14_194J_300_S21_L001.clean.fasta","Aging_16S_stool1_14_194J_301_S23_L001.clean.fasta","Aging_16S_stool1_14_194J_302_S33_L001.clean.fasta","Aging_16S_stool2_14_194J_100_S6_L001.clean.fasta","Aging_16S_stool2_14_194J_101_S12_L001.clean.fasta","Aging_16S_stool2_14_194J_102_S14_L001.clean.fasta","Aging_16S_stool2_14_194J_103_S26_L001.clean.fasta","Aging_16S_stool2_14_194J_104_S28_L001.clean.fasta","Aging_16S_stool2_14_194J_105_S36_L001.clean.fasta","Aging_16S_stool2_14_194J_106_S38_L001.clean.fasta","Aging_16S_stool2_14_194J_107_S42_L001.clean.fasta","Aging_16S_stool2_14_194J_108_S44_L001.clean.fasta","Aging_16S_stool2_14_194J_109_S46_L001.clean.fasta","Aging_16S_stool2_14_194J_200_S2_L001.clean.fasta","Aging_16S_stool2_14_194J_201_S4_L001.clean.fasta","Aging_16S_stool2_14_194J_202_S8_L001.clean.fasta","Aging_16S_stool2_14_194J_203_S10_L001.clean.fasta","Aging_16S_stool2_14_194J_204_S16_L001.clean.fasta","Aging_16S_stool2_14_194J_205_S18_L001.clean.fasta","Aging_16S_stool2_14_194J_206_S20_L001.clean.fasta","Aging_16S_stool2_14_194J_207_S30_L001.clean.fasta","Aging_16S_stool2_14_194J_208_S32_L001.clean.fasta","Aging_16S_stool2_14_194J_209_S40_L001.clean.fasta","Aging_16S_stool2_14_194J_300_S22_L001.clean.fasta","Aging_16S_stool2_14_194J_301_S24_L001.clean.fasta","Aging_16S_stool2_14_194J_302_S34_L001.clean.fasta","Aging_16S_tongue_dorsum_sample_as_negative_CTRL_S47_L001.clean.fasta","Diaz_16S_Mock_community_Pool1_S95_L001.clean.fasta","Diaz_16S_Mock_community_Pool2_S96_L001.clean.fasta"
"1","Acidaminococcaceae",0,0.000961654044957327,0,0.000816076711210854,0,0.000867093790645021,0,0.000401703221659838,0.00777997679656043,0.000119617224880383,0.000899701299168676,0.00012370113805047,0.000290782204129107,0,0,0,0.000704942429701574,0,0.000555185431934266,0,0,0,2.67938481324688e-05,0.000288461538461538,0.000411833344773148,0,0.000666056115227707,0,0.000632471064448801,0,0,0.0103578779629507,0.000149253731343284,0.00130883707402201,0,0,0,0,0,0.000565702278972038,0,0.000437660703539581,0,0,0,3.45280022097921e-05,0.000516795865633075,0.00440459336164858,0,0.000655952771400459,0,0,0.0258504167605316,0.00059206631142688,0.00633096328041297,0.0152315190901706,0.000423370025402202,0.00449612403100775,0.0109698585195817,0.0249124697010504,0.0098119378577269,0.0367800138792505,0.0114609223971279,0.00386816020630188,0.00936663693131133,0.0229337469532462,0.000826603929547912,0.004058291828076,0.0127541812056311,0.00734649122807017,0.00622037914691943,0,0.00261248185776488,0,0,0.029023004668429,0.00036654204237226,0.00481572481572482,0.0187950229207597,0.000356125356125356,0.00460785254871844,0.0112936344969199,0.0240818121838575,0.00903546419697312,0.032226148409894,0.00940128649183572,0.00414751149310414,0.010073875083949,0.0169424353512335,0.00261690749800887,0.00578883704855711,0.0172815533980583,0.00669391206313416,0,0,0
"2","Actinomycetaceae",0,0.0263252794807068,0.0180857310628303,0.00765071916760175,0.0335766423357665,0.00895996916999856,0.000397653842330252,0.0486060898208404,0.00204736231488432,0.00813397129186603,0.0371036815777162,0.0157100445324097,0.00639720849084036,0.00409082551939695,0.0630659767141009,0.0492503559762124,0.0112790788752252,0.00332658374312988,0.00477459471463469,0,0.013379388745573,0.00706331530384983,0.0183001982744762,0.0146153846153846,0.0230626673072963,0.0123122192968871,0.00757638831071518,0.0255945183393793,0.0106887609891847,0.00088339222614841,0.0488700564971751,0.00239027952991169,0.00783582089552239,0.0362111590479422,0.0170728528606803,0.00626450116009281,0.00361868144294922,0.0503075571177504,0.0450581395348837,0.0116373040245676,0.00394695295232081,0.00361070080420154,0.00920643153526971,0.0137190082644628,0.00707510894642399,0.016780609073959,0.0142635658914729,0.000786534528865817,0.00572998430141287,0.0011479173499508,0,0,0,0.000197355437142293,0,0.000812347684809098,0,0,0.0016403526758253,0,0,0,0.000828500414250207,0.00233701345797406,0,0,0,0.002029145914038,0.000601612321020335,0.00131578947368422,0.00128357030015798,0.0057258737921985,0.00174165457184325,0,0.000154762825969202,0,0,0,6.54878847413229e-05,0,0,0.0016800448011947,0.000109962612711678,0,0,0.00138545274616526,0.00174895062962223,0,0,0,0.00138240884741663,0.000679611650485437,0.00133878241262683,0,0.0045417781372488,0.00618118601506664
"3","Aerococcaceae",0,0,0,0,0,0,0,0,0,0,0,0,0,0,0,0,0,0,0,0,0,0,0,0,0,0,0,0,0,0,0,0,0,0,0,0,0,0,0,0,0,0,0,0,0,0,0,0,0,0,0,0,0,0,0,0,0,0,0,0,0,0,0,0.00410992021919575,0,0,0.0012081134354931,0.002029145914038,0,0,0,0,0,0,0,0,0,0,0,0,0,0,0,0,0,0,0.00404757145712572,0,0,0.00193423597678917,0.00276481769483325,0,0,0,0,0
"4","Bacillales_Incertae Sedis XI",0,0.00252434186801298,0.00270111567821491,0.00183617260022442,0.00182481751824818,0.00592514090274098,0.00228650959339895,0.0159877882220616,0.00382174298778407,0.00873205741626795,0.00766545506891712,0.0107619990103909,0.00242318503440923,0.0215113072255929,0.0313712807244502,0.000586313761621576,0.00681444348711522,0.0114260919872722,0.00995632541268783,0,0.0041100083074636,0.00114540248170538,0.0135844810031616,0.00932692307692308,0.00233372228704784,0.00216818956171597,0.00291399550412122,0.00403063280935107,0.00512301562203529,0.00141342756183746,0.0146892655367231,0.00152712303299914,0.00843283582089552,0.00756216976101604,0.0108171510491333,0.00185614849187935,0.020053526329677,0.0239455184534271,0.000322997416020672,0.00565702278972039,0.0124723713293338,0.00831555336725203,0.000259336099585062,0.00359504132231405,0.00112791591899513,0.0138802568883364,0.00816537467700258,0,0,0,0.000131891321551042,0,0,0,0,0,0,0,0,0,0,4.95687518588282e-05,0,0,0.000446030330062444,0,0,0,6.01612321020335e-05,0,0,0,0,0,0,0.000112492266156702,0,0,0,0,0,9.33358222885944e-05,0,0,0,0,0,0.000671591672263264,0,0,8.6400552963539e-05,0,0,0,0,0
"5","Bacteroidaceae",0.266666666666667,0.0121408823175863,0.00105695830886671,0.0138733040905845,0.00364963503649636,0.0152223132135459,0.0162043940749578,0.00698963605688118,0.189312768716303,0.0222488038277512,0.0487278223629755,0.00878278080158337,0.0515653775322283,0.00036771465342894,0.000646830530401035,0.00167518217606165,0.0065794626772147,0.0173560890945907,0.0167295876822859,0.0384615384615385,0.00953172139390495,0.0059815462933503,0.0106371577085901,0.00442307692307692,0.010982222527284,0.00162614217128698,0.0109066688868537,0.00201531640467553,0.0134716336727595,0.0192579505300353,0.0121468926553672,0.169577053316513,0.0254477611940299,0.0495903824712784,0.008731917111951,0.0452436194895591,0.000376945983640544,0.000439367311072056,0.00242248062015504,0.00662679812510103,0.0110514682664983,0.0121450845232234,0.000778008298755187,0.0102479338842975,0.00481927710843374,0.012119328775637,0.00434108527131783,0.369199307849615,0.342935635792778,0.425385372253197,0.580585597467686,0.239623685666852,0.593376886686191,0.46556147621867,0.58264342066816,0.424248578391552,0.616850127011008,0.506356589147286,0.329813409883125,0.413143011042284,0.790269828291088,0.1226826608506,0.391604529135597,0.350229672012249,0.189116859946476,0.116330600487481,0.401475170089654,0.43054786939679,0.4793045361569,0.430592105263158,0.375296208530806,0.438804723845878,0.187421383647799,0.585633673936251,0.244447883618355,0.439451037741155,0.483908804339858,0.554004914004914,0.490307793058284,0.58525641025641,0.534126907938946,0.32798207952212,0.435891796789091,0.722724192455388,0.0685512367491166,0.407323107372588,0.352938237057765,0.166151779717932,0.165857525017339,0.295255432927523,0.410229825470883,0.313203883495145,0.435245208568208,0.384615384615385,0.0578610091457724,0.0639366428433456
"6","Bacteroidales_incertae_sedis",0,0,0,0,0,0,0,0,0,0,0,0,0,0,0,0,0,0,0,0,0,0,0,0,0,0,0,0,0,0,0,0,0,0,0,0,0,0,0,0,0,0,0,0,0,0,0,0,0,0,0,0,0,0,0,0,0,0.00062015503875969,0,0,0,0.00109051254089422,0,8.05866709646224e-05,0,0.000553955240416574,0,0,0.000481289856816268,0,0,0.000357867112012406,0.00058055152394775,0,0,0,0,0,0,0,0.000575981568589805,0,0,0,0.00183745583038869,0,0,0,0.000396314277221837,0,0,0.00106796116504854,0,0,0,0
"7","Bifidobacteriaceae",0,0,0,0,0,0,0,0,0,0,0.000287904415733976,0,9.69274013763691e-05,0,0,0.000251277326409247,0,0,0,0,0,0,0.000160763088794813,9.61538461538462e-05,0,0,0,0,0,0,0,0,0,9.69508943720006e-05,0,0,0,0,0.000161498708010336,0,0,0,0,0,0,0.000207168013258753,0,0,0,0,0,0,0,0,0,0,0,0,0,0,0,0,0,0,0,0,0,0,0,0,0,0,0,0,0,0,0,0,0,0,9.59969280983009e-05,0,0,0,0,0,0,0,0,0,0,0,0,0,0,0
"8","Bradyrhizobiaceae",0,0,0,0,0,0,0,0,0,0,0,0,0,0,0,0,0,0,0,0,0,0,0,0,0,0,0,0,0,0,0,0,0,0,0,0,0,0,0,0,0,0,0,0,0,0,0,0,0,0.000163988192850115,0,0,0,0,0,0,0,0,0.000307566126717244,0,0,0,0,8.05866709646224e-05,0.000223015165031222,0.000110791048083315,6.35849176575316e-05,0,6.01612321020335e-05,0.000109649122807018,0,0,0.000290275761973875,0,0,0,0,0,0,0,0,0.000840022400597349,0,0,0,0,0.000199880071956826,0.000402955003357958,0,0.000113778586869951,8.6400552963539e-05,0,0,0,0,0
"9","Brucellaceae",0,0,0.000117439812096301,0,0,0,9.94134605825629e-05,0.000401703221659838,0,0,0,0.00074220682830282,0.000387709605505476,0,0,0.000167518217606165,0,0,0,0,0,0,0,0.00163461538461538,0.000137277781591049,7.7435341489856e-05,4.16285072017317e-05,0,0,0,0.000282485875706215,0,0,9.69508943720006e-05,0.00156392545288675,0.000232018561484919,0,0,0.000645994832041344,0,0,0,0,0,0,0,0.00217054263565891,0,0,0,0,0,0,0,0,0,0,0,0,0,0,0,0,0,0,0,0,0,0,0,0,0,0,0,0,0,0,0,0,0,0,0,0,0,0,0,0,0,0,0,0,0,0,0,0,0
"10","Burkholderiaceae",0,0,0,0,0,0,0,0,0,0,0,0,0,0,0,0,0,0,0,0,0,0,0,0,0,0,0,0,0,0,0,0,0,0,0,0,0,0,0,0,0,0,0,0,0,0,0,0.000314613811546327,0,0,0,0,0,0,0,0,0,0,0,0,0,0.000446118766729454,0,8.05866709646224e-05,0,0,0,0.000184467810367091,0,0.000767543859649123,0.000197472353870458,0,0,0,0,0,0,0,0,0,0,0,0,0,0.000141342756183746,0,0.000299820107935239,0,0,0,0.000259201658890617,0,0.000140924464487035,0,0,0
"11","Campylobacteraceae",0.133333333333333,0.174420002404135,0.052730475631239,0.110272365602367,0.0700729927007299,0.0663808468616022,0.0175961825231136,0.0727886237647626,0.0010919265679383,0.111842105263158,0.0344405657321769,0.029193468579911,0.136861490743433,0.0526751241036955,0.0109961190168176,0.0512605745874864,0.0394767760632882,0.0107029216083309,0.0428603153453253,0.115384615384615,0.200209872764636,0.0535793827553293,0.214645517389208,0.0448076923076924,0.177362893815636,0.0493263125290383,0.11081508617101,0.0574365175332527,0.0679906394282462,0.0141342756183746,0.065819209039548,0.00159351968660779,0.106567164179104,0.0342721411605022,0.0293236022416265,0.126682134570766,0.0523577971276716,0.00988576449912127,0.0536175710594315,0.0394375303054792,0.00994632143984844,0.0408665681930084,0.473223547717842,0.2,0.0568572160984363,0.204060493059872,0.0448578811369509,0,0,0,0,0,0,0,9.73994350832765e-05,0.000203086921202274,0,0.000155038759689922,0,0.000134661998384056,0,0,0.000138083402375035,0.000161173341929245,0,0,0.000127169835315063,0,0.000300806160510167,0,0,0.000357867112012406,0,0,0.000154762825969202,0.000224984532313403,0,0,0.000261951538965291,0,0,9.33358222885944e-05,0.000219925225423356,0,0.000141342756183746,0,0.000699580251848891,0.000134318334452653,0,0,0.000259201658890617,9.70873786407767e-05,0,0.0769230769230769,0.000684377527530641,0.00077264825188333
"12","Cardiobacteriaceae",0,0.000240413511239332,0,0.00163215342242171,0,0.000433546895322511,0.00228650959339895,0.000803406443319675,0.00116017197843445,0.00155502392344498,0.00313096052110699,0.00049480455220188,0.000193854802752738,0,0,0,0.00250646197227226,0,0.00155451920941594,0,0,0.000381800827235126,0.000562670810781844,9.61538461538462e-05,0.000205916672386574,0.000154870682979712,0.00187328282407793,0,0.000379482638669281,0.00159010600706714,0.00112994350282486,0,0.0017910447761194,0.00247224780648602,0.000912289847517268,0.000232018561484919,0,0,0,0.00266688217229675,0,0.0011488593467914,0.000194502074688797,0,0.000615226864906434,0.000794144050825219,0,0,0,0,0,0,0,0,0,0,0,0,0,0.000134661998384056,0,4.95687518588282e-05,0,0,0,0,0,0,0,0,0,0,0,0,0,0,0,0,6.54878847413229e-05,0,0,0,0,0,0.000141342756183746,0,0,0,0,0,0,0,0,0,0,0
"13","Carnobacteriaceae",0,0.0155066714749369,0.00610687022900764,0.00673263286748954,0.0113138686131387,0.0133436100004817,0.00248533651456407,0.0744757772957339,0,0.00705741626794259,0.0451650052182676,0.043171697179614,0.0166715130367355,0.0165471594043023,0.0417205692108668,0.00795711533629282,0.00736273204354978,0.0399190049175586,0.00954918942926938,0,0.0165712037077522,0.0108813235762011,0.0665559187610525,0.0228846153846154,0.012560917015581,0.00472355583088121,0.00661893264507534,0.0145102781136638,0.0114477262665233,0.00265017667844523,0.0822033898305085,0.000331983268043291,0.00544776119402986,0.0426583935236803,0.0376645379903558,0.0174013921113689,0.0184326586000226,0.0437170474516696,0.00888242894056848,0.0065459835138193,0.0306283549100095,0.00837026095519448,0.00175051867219917,0.0190909090909091,0.00830556267623686,0.061287203922381,0.023359173126615,0,7.84929356357928e-05,0,0,0,0,0,0,0,0,0,0,0,0,0,0.000138083402375035,0,0,0,0,0,0.000120322464204067,0,0,5.96445186687343e-05,0,0,0,0,0,0,0,0,0,0,0,0.000225886604924328,0,0,4.99700179892065e-05,0,0,0,8.6400552963539e-05,0,7.04622322435175e-05,0,6.22161388664219e-05,0.000193162062970833
"14","Caulobacteraceae",0,0,0,0,0,0,0,0,0,0,0,0,0,0,0,0,0,0,0,0,0,0,0,0,0,0,0,0,0,0,0,0,0,0,0,0,0,0,0,0,0,0,0,0,0,0,0,0,0,0,0.000131891321551042,0,0,0,0,0,0.000423370025402202,0.000155038759689922,0.000102522042239081,0.000134661998384056,0,0,0,0,0,0.000332373144249945,0,0,0,0,0,0,0,0,0,0,7.3308408474452e-05,0,6.54878847413229e-05,0,0,9.33358222885944e-05,0,0,0,0,0,0,0.000198157138610918,0,0,0,0,0,0,0
"15","Chloroplast",0,0.00432744320230797,0.0556664709336465,0.000510047944506784,0,0,9.94134605825629e-05,0.000160681288663935,0.000477717873473009,0,3.5988051966747e-05,0.00012370113805047,0.000290782204129107,0,0.000323415265200517,0,7.83269366335083e-05,0.000867804454729534,0.000407135983418462,0,0,0.000254533884823417,0.000616258507046782,0,0.00617750017159723,0.055366269165247,0.000457913579219049,0,0,0,0,0.00192550295465109,0,0,0.000130327121073895,0,0,0,0,0,0.000473634354278497,0,0,0,0.000512689054088695,0.000517920033146882,0.000103359173126615,0.00047192071731949,0,0,0,0,0,0,0,0.000101543460601137,0,0.000155038759689922,0,0,0,0.000842668781600079,0,0,0.000892060660124889,0,0,0,0,0.000109649122807018,0.000296208530805687,0.000119289037337469,0,0,0,0,0,0,0,0,0,0,0,0,0.000282685512367491,0,4.99700179892065e-05,0.000671591672263264,0,0,0,0,0,0,0,0
"16","Clostridiales_Incertae Sedis XI",0,0,0.000117439812096301,0.000816076711210854,0,0.000192687509032227,0.000198826921165126,0.000160681288663935,0.000136490820992288,0.000358851674641148,3.5988051966747e-05,0,0.000290782204129107,0,0,8.37591088030823e-05,0,0,0.00140646976090014,0,0,0,0,0,6.86388907955247e-05,7.7435341489856e-05,0.000541170593622513,0,0.00012649421288976,0,0,0.000663966536086582,0.000447761194029851,0.000145426341558001,0,0.000696055684454756,0,0,0,0,0,0.00196947316592811,0,0,0,0,0,0,0.000313971742543171,0.00032797638570023,0,0,0,0,0,0.000101543460601137,0,0,0.000102522042239081,0,0.00367947669664759,0,0.000414250207125104,0,0,0,0,0,0,0.000548245614035088,0,0.000357867112012406,0.00019351717464925,0,0,0,0,0,0.000327439423706614,0,0,9.33358222885944e-05,0,0.0112943302462164,0.000141342756183746,0.000296882731321128,0,0,0,0.000113778586869951,0,0.000194174757281553,0.000493235625704622,0,0,0
"17","Clostridiales_Incertae Sedis XII",0,0,0,0,0,0,0,0,0,0,0,0,0,0,0,0,0,0,0,0,0,0,0,0,0,0,0,0,0,0,0,0,0,0,0,0,0,0,0,0,0,0,0,0,0,0,0,0,0,0,0,0,0,0,0,0,0,0,0,0,0,0,0,0.00064469336771698,0,0,0,0.000553403431101273,0,0,0,0,0,0,0,0,0,0,0,0,0,0,0,0,0,0,0.000449730161902858,0,0,0,0.000345602211854156,0,0,0,0,0
"18","Clostridiales_Incertae Sedis XIII",0,0.000961654044957327,0,0.00224421095582985,0.0193430656934306,0.00192687509032227,0,0.00200851610829919,0.000750699515457585,0.00346889952153109,0.00651383740598122,0.00148441365660564,0.00310167684404381,0.000505607648464791,0.00323415265200517,0.00276405059050172,0.00501292394454453,0.000144634075788256,0.0018136057443186,0,0.00153032224214071,0.000763601654470251,0.000991372380901345,0.000384615384615384,0.000755027798750772,0.000464612048939136,0.00124885521605195,0.017130189439742,0.00259313136424008,0.000176678445229682,0.00367231638418079,0,0.00365671641791045,0.00717436618352804,0.0028671966636257,0.00348027842227378,0.000414640582004599,0.00615114235500879,0.00242248062015504,0.00468724745433975,0.000157878118092832,0.00147710487444608,0.000453838174273859,0.00148760330578512,0.000769033581133042,0.000863200055244804,0.000723514211886305,0,0.000627943485086342,0.00278779927845196,0,0.000553403431101273,0,0,0,0,0,0,0.000102522042239081,0,0,0.00371765638941212,0.00289975144987572,0.00169232009025707,0.00267618198037467,0.000332373144249945,0.000635849176575316,0.002029145914038,0,0.000219298245614035,0,0.000178933556006203,0.00203193033381713,0,0.000154762825969202,0,7.3308408474452e-05,0,0.000130975769482646,0,0.000671978496688106,0,0,0,0.000706713780918728,0.0024740227610094,0.00214871077353588,0.00308932169241101,0.000594471415832755,0.000682671521219706,0.00380162433039571,0,0.00028184892897407,0,0,0
"19","Comamonadaceae",0,0.000961654044957327,0.0112742219612449,0.00336631643374477,0,4.81718772580567e-05,0.000397653842330252,0.00289226319595083,0.00518665119770696,0.00681818181818182,0.020765105984813,0,9.69274013763691e-05,0,0,0,0.000234980809900525,0.0409314434480764,0.0304981863942557,0.0384615384615385,0.00148659874950811,0.0232262169901368,0.0172820320454424,0.000192307692307692,0.00130413892511497,0.00875019358835372,0.00362168012655066,0,6.32471064448801e-05,0.000176678445229682,0.00338983050847457,0.00405019587012815,0.00761194029850746,0.0178874400116341,0.000130327121073895,0.000232018561484919,0,0,0,0.000646516890253758,0.0356804546889801,0.0276820394988785,0.0252204356846473,0.00115702479338843,0.0224557805690848,0.0152613769767281,0,0,0,0.000163988192850115,0,0,5.63189907636855e-05,0,0,0,0,0,0,0,0,0,0,0,0,0,0,0,0,0,0,0,0,0,0.000154762825969202,0,0,0,0,0,0,0,0,0,0,0,0,0,9.90785693054592e-05,0,0,0,0,0,0.00192870030485908,0.00347691713347499
"20","Coriobacteriaceae",0,0.00961654044957327,0.00387551379917792,0.0161175150464143,0.162408759124088,0.00867093790645021,0.00119296152699076,0.00393669157226641,0.0029345526513342,0.00538277511961722,0.0068017418217152,0.00296882731321128,0.00436173306193661,0.00179260893546608,0.010025873221216,0.0262166010553647,0.00501292394454453,0.00101243853051779,0.0016655562958028,0,0.00362904988850509,0.0029271396754693,0.00393869567547291,0.0014423076923077,0.0066579724071659,0.0045686851479015,0.0146116060278078,0.139459895203547,0.00638795775093289,0.00123674911660777,0.00423728813559322,0.00504614567425802,0.00783582089552239,0.00722284163071405,0.00312785090577349,0.00348027842227378,0.00169625692638245,0.00659050966608085,0.0279392764857881,0.00517213512203006,0.000947268708556994,0.000765906231194267,0.00252852697095436,0.00338842975206612,0.00271725198667009,0.00372902423865755,0.00124031007751938,0,0.0010989010989011,0.000163988192850115,0.000263782643102084,0.000110680686220255,0.000732146879927913,0.000394710874284587,0.00058439661049966,0.0166531275385865,0,0,0,0.000538647993536224,0.000136276914690651,0.00589868147120055,0.000552333609500138,0.00443226690305423,0.00356824264049956,0,6.35849176575316e-05,0.002029145914038,0,0.00197368421052631,9.87361769352291e-05,0.00119289037337469,0,0,0.000232144238953803,0.000956184262331965,0.000146616816948904,0.000786240786240786,0.0129011132940406,0,0,0.000186671644577189,0.000329887838135034,0.000903546419697312,0.00537102473498233,0.000890648193963384,0.00379772136717969,0.00201477501678979,9.90785693054592e-05,0.000113778586869951,0.00328322101261448,0,0.00232525366403607,0,0,0
"21","Corynebacteriaceae",0,0.000360620266858998,0,0.000714067122309497,0.000364963503649635,0.000192687509032227,9.94134605825629e-05,0.00064272515465574,0.00320753429331877,0.000358851674641149,0.000899701299168676,0.00098960910440376,0.000775419211010953,0,0,0.000167518217606165,0.00140988485940315,0,0.00125842031238433,0,8.7446985265183e-05,0.000572701240852688,0.00133969240662344,0.000576923076923077,0.000960944471137345,0.000154870682979712,0.000749313129631171,0,0.0003162355322244,0,0.000564971751412429,0.00318703937321559,0.000298507462686567,0.00140578796839401,0.000651635605369477,0.00232018561484918,0,0.000219683655536028,0.000161498708010336,0.00113140455794408,0,0.000875321407079162,0.00110217842323651,0.000165289256198347,0.000461420148679826,0.00155376009944065,0.000516795865633075,0.00880918672329715,0.00596546310832025,0.0191866185634635,0.00316539171722501,0.0127282789153292,0,0.00671008486283797,0.000389597740333106,0,0.00423370025402202,0,0.000615132253434488,0.000134661998384056,0.00190787680566912,0.0124417567165659,0.00635183650925159,0.00564106696752357,0.00557537912578055,0.00188344781741635,0.0117632097666434,0.00368935620734181,0.000962579713632535,0.00241228070175439,0.0110584518167456,0.00477156149349875,0.0199322689888728,0.00503278938538966,0.0150119941190126,0,0.00630452312880287,0.000491400491400491,0,0.00170940170940171,0,0.000466679111442972,0.000329887838135034,0.00169414953693246,0.00579505300353357,0.00455220188025729,0.00609634219468319,0.00416386836803223,0.00237788566333102,0.0110365229263853,0.00648004147226542,0.0012621359223301,0.00183201803833146,0,0,0
"22","Desulfovibrionaceae",0,0,0,0,0,0,0,0,0.00143315362041903,0,7.19761039334941e-05,0,0,0,0,0,0,0.000144634075788256,0,0,4.37234926325915e-05,6.36334712058543e-05,0,0,0,0,0,0,0,0,0,0.000265586614434633,0,0,0,0,0,0,0,0,0.000315756236185665,0,0,0,0,0,0,0.00141576215195847,7.84929356357928e-05,0.00065595277140046,0.00237404378791876,0,0.00304122550123902,0,0.000681796045582936,0.00284321689683184,0.000423370025402202,0.00108527131782946,0.000410088168956326,0.00323188796121735,0.00136276914690651,0.00104094378903539,0,0.00153114674832782,0.000669045495093666,0.00044316419233326,0,0.00129127467256964,0.00138370833834677,0.000328947368421053,0.000394944707740916,0.000298222593343672,0.000677310111272375,0.00228763153881348,0,0.00421845998087631,0,0.000884520884520885,0.0022920759659463,0.00284900284900285,0.000959969280983009,0.00112002986746313,0.0019793270288102,0.0012423763270838,0.00113074204946997,0.000395843641761504,0.00169898061163302,0.000537273337810611,0.000891707123749133,0.000113778586869951,0.00207361327112494,0.0012621359223301,0.000634160090191657,0,0,0
"23","Enterobacteriaceae",0,0.000120206755619666,0,0,0,0,0,0,0,0,0.000251916363767229,0,9.69274013763691e-05,0,0,0,0,0.00144634075788256,0,0,0,0,0,0,6.86388907955247e-05,0,0,0,0,0,0,0,0,4.84754471860003e-05,0,0.000232018561484919,0,0,0,8.08146112817197e-05,0.000789390590464162,0.000164122763827343,0,0,0,3.45280022097921e-05,0,0,0,0,0,0,0.0186979049335436,0,0.000973994350832765,0,0.000846740050804403,0,0.00625384457658397,0.0105036358739564,0,0,0.000138083402375035,0.000161173341929245,0.000223015165031222,0.000110791048083315,0,0,0,0.00087719298245614,0,0,0,0,0.000154762825969202,0.0237921142921424,7.3308408474452e-05,0.00196560196560197,0,0.00263532763532764,0.00115196313717961,0.00672017920477879,0.00593798108643061,0.000677659814772984,0,0,0,0.000537273337810611,0,0.000455114347479804,0,0.000776699029126214,0.00084554678692221,0,0.194425433957569,0.161483484643616
"24","Enterococcaceae",0,0,0,0,0,0,0,0,0,0,0,0,0,0,0,0,0,0,0,0,0,0,0,0,0,0,0,0,0,0,0,0.000199189960825974,0,0,0,0,0,0,0,0,0,0,0,0,0,0,0,0.000157306905773163,0,0,0,0,0,0,0,0,0,0,0.00071765429567357,0,0.000136276914690651,9.91375037176564e-05,0.000414250207125104,0.000241760012893867,0,0,0.00076301901189038,0,0,0.000109649122807018,0.00118483412322275,0,0,0,0,0,0,0,0.000130975769482646,0,0,0.000560014933731566,0,0.000451773209848656,0.000565371024734982,9.8960910440376e-05,9.9940035978413e-05,0,0,0.000910228694959609,0,0,0,0,0,0
"25","Erysipelotrichaceae",0,0.0102175742276716,0.000939518496770405,0.0052024890339692,0.0175182481751825,0.00539525025290235,0.000397653842330252,0.00273158190728689,0.00614208694465297,0.00275119617224881,0.00287904415733976,0.00507174666006927,0.0025201124357856,0.00170068027210884,0.00808538163001294,0.00703576513945891,0.00360303908514138,0.00159097483367081,0.00240580353838182,0,0.00157404573477329,0.00248170537702832,0.00227747709125985,0.00182692307692308,0.0105703891825108,0.00131640080532755,0.00628590458746149,0.0195485691253527,0.00581873379292898,0.000530035335689046,0.00197740112994351,0.00504614567425802,0.00283582089552238,0.00203596878181201,0.00443112211651244,0.00324825986078886,0.00147008933619812,0.00615114235500878,0.00775193798449612,0.00250525294973332,0.00142090306283549,0.00295420974889217,0.00116701244813278,0.0015702479338843,0.00317867213534991,0.00210620813479732,0.00227390180878553,0.00361805883278276,0.00706436420722135,0.00131190554280092,0.00290160907412293,0.0277808522412839,0.00546294210407749,0.00276297611999211,0.0115905327749099,0.0117790414297319,0.0016934801016088,0.0103875968992248,0.0127127332376461,0.00403985995152168,0.000408830744071953,0.00535342520075345,0.00110466721900028,0.0213554678056249,0.0191793041926851,0.0114114779525814,0.00515037833026006,0.0134661501567976,0.00992660329683552,0.01875,0.00464060031595577,0.00441369438148635,0.00367682631833576,0.0033551929235931,0.0232144238953803,0.0155801788627032,0.0036654204237226,0.0125798525798526,0.00962671905697446,0.0047008547008547,0.00748776039166747,0.0104536120963226,0.00384869144490873,0.00225886604924328,0.00508833922261484,0.00098960910440376,0.0193883669798121,0.0255204835460041,0.00871891409888041,0.00864717260211628,0.0161569034041818,0.0401941747572815,0.0217023675310034,0,0,0.000193162062970833
"26","Eubacteriaceae",0,0.00180310133429499,0.00105695830886671,0.00183617260022442,0.00182481751824818,0.000240859386290284,0,0.000803406443319675,0.0188357332969358,0.00119617224880383,0.000755749091301688,0.00061850569025235,0.0012600562178928,0,0.000970245795601552,0.000251277326409247,0.00399467376830892,0,0.00118439558812643,0,0.000830746360019238,0.00089086859688196,2.67938481324688e-05,0,0.00178461116068364,0.00108409478085798,0.00137374073765714,0.00342603788794841,0.000695718170893681,0,0.000282485875706215,0.0150720403691654,0.00164179104477612,0.000678656260604004,0.000912289847517268,0.00116009280742459,0,0.000878734622144112,0.000645994832041344,0.00460643284305803,0,0.000492368291482029,0.000194502074688797,0.00107438016528926,0.000615226864906434,0,0,0.00440459336164858,0,0,0,0,0,0.0116439707913953,0.023960261030486,0.0522948822095857,0,0,0.0230674595037934,0.000134661998384056,0.000272553829381302,0.00183404381877664,0,8.05866709646224e-05,0.00156110615521855,0,0,0,0.0167849837564673,0.000328947368421053,0.00414691943127962,0,9.67585873246251e-05,0,0,0.000168738399235053,0.0109229528626934,0.0208353808353808,0.0611656843483955,7.12250712250712e-05,0,0.030614149710659,0,0.000112943302462164,0.000141342756183746,0,4.99700179892065e-05,0.000671591672263264,9.90785693054592e-05,0.000227557173739902,8.6400552963539e-05,0.00796116504854369,0.000422773393461105,0.0769230769230769,0.00192870030485908,0.00289743094456249
"27","Flavobacteriaceae",0,0.00564971751412429,0.00199647680563711,0.0338671835152504,0.0010948905109489,0.0233633604701575,0.0301222785565166,0.0183176669076886,0.0176755613185014,0.016866028708134,0.0208730701407133,0.00791687283523008,0.0103712319472715,0.00583747012318441,0,0.00201021861127398,0.0110440980653247,0.00419438819785941,0.0443037974683544,0,0.0284202702111844,0.00528157811008591,0.0657521033170785,0.00596153846153846,0.0061088612808017,0.00301997831810438,0.0379651985679794,0.000806126561870213,0.0239706533426096,0.0293286219081272,0.0163841807909605,0.0148064537547308,0.0185074626865672,0.0202627369237481,0.00482210347973414,0.00951276102088168,0.00625730332843304,0.000219683655536028,0.000968992248062016,0.0119605624696945,0.0039469529523208,0.0429454565348214,0.00213952282157676,0.0270247933884298,0.00548577287874904,0.0699537324770388,0.00599483204134366,0.0457763095799906,0.122291993720565,0.0710068875040997,0.0147718280137167,0.0294410625345877,0.00715251182698806,0.0151963686599566,0.01723970000974,0.0270105605199025,0.0529212531752752,0.0348837209302325,0.0834529423826123,0.0389173175329922,0,0.0368295826311093,0.0325876829605081,0.0377145620114433,0.0854148082069581,0.0627077332151563,0.0906720925796402,0.0463014204021398,0.0375406088316689,0.031359649122807,0.0454186413902053,0.0928665155672194,0.116207063376875,0.0134207716943724,0.0243751450901493,0.00798695089712582,0.0142218312440437,0.0177886977886978,0.0179436804191225,0.0267806267806268,0.0599020831333397,0.0733619563188352,0.0482735869804267,0,0.0374558303886925,0.0308758040573974,0.0392264641215271,0.0766957689724648,0.0497374417913406,0.0831721470019342,0.0569379644029722,0.0494174757281554,0.0328354002254791,0,0.0138741989672121,0.0168050994784624
"28","Fusobacteriaceae",0,0.0281283808150018,0.0267762771579565,0.0531469958176069,0.0062043795620438,0.11228864588853,0.0806243165324585,0.0572828794086929,0,0.0422248803827752,0.0818728182243495,0.061850569025235,0.0306290588349326,0.0857234785806215,0.0501293661060802,0.00435547365776028,0.0671261846949165,0.0127277986693665,0.141239173884077,0,0.0950548729832539,0.0173719376391983,0.0225872139756712,0.0209615384615384,0.0240922506692292,0.0297351711321047,0.0512030638581301,0.0110842402257155,0.112516602365442,0.0752650176678445,0.0570621468926554,0.000464776575260607,0.0432089552238806,0.0783363226525765,0.0615144011468787,0.0354988399071925,0.0931056579592144,0.054920913884007,0.00532945736434109,0.0718441894294488,0.0107357120303126,0.147546364680782,0.00570539419087137,0.0959504132231405,0.0159446295821584,0.0258960016573441,0.0216020671834625,0,0,0,0,0,0,0,9.73994350832765e-05,0,0,0.211162790697675,0.00666393274554029,0.000269323996768112,0.000136276914690651,0.000594825022305938,0.000138083402375035,0.00032234668385849,0.000223015165031222,0.000110791048083315,0.000190754752972595,0,0.000421128624714234,0.00142543859649123,0.000197472353870458,0,9.67585873246251e-05,0,7.73814129846011e-05,5.62461330783509e-05,7.3308408474452e-05,9.82800982800983e-05,0,0,0.107228568685802,0.00802688071681911,0.000109962612711678,0.000112943302462164,0.000424028268551237,0.00049480455220188,0.000199880071956826,0.000268636668905306,0,0,8.6400552963539e-05,0.000194174757281553,0.000704622322435175,0,0.0139986312449449,0.0150666409117249
"29","Lachnospiraceae",0.0666666666666667,0.0288496213487198,0.0465061655901351,0.0550851780067327,0.0295620437956204,0.0363215954525748,0.0136196440998111,0.0331806861091026,0.045451443390432,0.0557416267942584,0.0607838197718358,0.0524492825333993,0.0582533682271978,0.0198565912851627,0.0892626131953428,0.0776446938604573,0.0638364533563092,0.00303731559155337,0.0352357687467615,0,0.0353723055397665,0.0410435889277761,0.0174963828305021,0.0196153846153846,0.0313679730935548,0.0460740281864643,0.0544084589126634,0.0346634421604192,0.0396559357409398,0.0109540636042403,0.0316384180790961,0.0519221831219706,0.0638805970149254,0.0626302777643124,0.0514792128241887,0.0563805104408352,0.017339515247465,0.0986379613356766,0.0708979328165375,0.0640859867464038,0.00331544047994948,0.0330433831172384,0.0173106846473029,0.035495867768595,0.0387592924891054,0.0176783371314136,0.022015503875969,0.0693723454459651,0.257613814756672,0.101836667759921,0.106700079134793,0.0675152185943553,0.0741721108357738,0.090191434774028,0.103925197233856,0.0640739236393176,0.0719729043183743,0.0536434108527132,0.141582940332171,0.0896848909237813,0.0648678113927501,0.0992366412213741,0.11902789284728,0.11314368603433,0.0711418376449598,0.26235320186129,0.0933426591212565,0.112340896513558,0.108230056551558,0.179605263157895,0.0858017377567141,0.229571752355958,0.202322206095791,0.0927253317065731,0.0879052851505069,0.15349569717082,0.0915622021845906,0.138968058968059,0.0442698100851343,0.0439458689458689,0.0550062398003264,0.13281687511667,0.0859907631405323,0.0419019652134629,0.0894699646643109,0.116575952498763,0.10768538876674,0.0848891873740766,0.218963638165065,0.129366253271134,0.1049766718507,0.231165048543689,0.179537767756483,0,0.00304859080445468,0.00367007919644582
"30","Lactobacillaceae",0,0.000601033778098329,0,0.000408038355605427,0.000364963503649635,0.0014451563177417,0.000198826921165126,0.000562384510323772,0.110352828772265,0.00155502392344498,0.00107964155900241,0.00061850569025235,0.000484637006881846,0,0.00129366106080207,0.00167518217606165,0.000548288556434558,0,0.000555185431934266,0,0.00126798128634515,0.000318167356029271,0.00112534162156369,0,0.000343194453977624,0,0.000457913579219049,0.00060459492140266,0.00177091898045664,0.000176678445229682,0.000564971751412429,0.117057300312064,0.00134328358208955,0.00101798439090601,0.000912289847517268,0,0,0.000878734622144112,0.00113049095607235,0.000484887667690318,0,0.000711198643251819,6.48340248962656e-05,0.00119834710743802,0.000307613432453217,0.00096678406187418,0.000310077519379845,0.000629227623092654,0.000470957613814757,0.000163988192850115,0.000923239250857294,0.000885445489762036,0,0.00177619893428064,0.00146099152624915,0.00243704305442729,0.000423370025402202,0,0.00112774246462989,0.000807971990304336,0,0.00114008129275305,0.000414250207125104,0.0071722137158514,0.000223015165031222,0.00775537336583204,0.00438735931836969,0.004058291828076,0.00138370833834677,0.00263157894736842,0.000789889415481833,0.000835023261362281,0.0011611030478955,0.000610035077016929,0.000851195542830612,0.000281230665391754,0.00102631771864233,0.00117936117936118,0.00176817288801572,0.000427350427350427,0.000383987712393203,0.00112002986746313,0.000439850450846712,0,0.000706713780918728,0.000296882731321128,0.00649610233859684,0.000671591672263264,0.0100069354998514,0.0113778586869951,0.00285121824779678,0.0045631067961165,0.00288895152198421,0,0.0640826230324146,0.0679930461657331
"31","Leptotrichiaceae",0,0.00228392835677366,0.00140927774515561,0.00367234520044884,0.00328467153284671,0.0039019220579026,0.00586539417437121,0.00168715353097132,0.0017061352624036,0.00514354066985646,0.0189657033864757,0.0153389411182583,0.0157991664243482,0.00363118220261077,0,0.00837591088030823,0.018955118665309,0.00274804743997686,0.010622547931009,0,0.00384766735166805,0.00458160992682151,0.0119768501152135,0.00548076923076923,0.00418697233852701,0.0012389654638377,0.00291399550412122,0.00523982265215639,0.00366833217380304,0.00547703180212014,0.00225988700564972,0.00497974902064936,0.00440298507462686,0.0161423239129381,0.0198097224032322,0.0160092807424594,0.00369407063967733,0,0.00807493540051679,0.021335057378374,0.00126302494474266,0.0131298211061874,0.00142634854771784,0.00359504132231405,0.00497308382466035,0.0151923209723086,0.00702842377260981,0,0.00353218210361068,0.00131190554280092,0,0.000553403431101273,0,0,0,0.000101543460601137,0,0,0,0.0410719095071371,0,0.00411420640428274,0.000414250207125104,0.00112821339350471,0,0,0.00038150950594519,0.000737871241468364,0.00330886776561184,0,0,0.00387689371346773,0,0,0.00069643271686141,0,0,0,0,0,0,0,0.0376072135473939,0.000112943302462164,0.00424028268551237,9.8960910440376e-05,0.00109934039576255,0,0,0.00204801456365912,0.000432002764817695,0.00262135922330097,0,0,0.00603496547004293,0.00598802395209581
"32","Methylobacteriaceae",0,0,0,0,0,0,0,0,0,0,0,0,0,0,0,0.000167518217606165,0.000234980809900525,0,0.000555185431934266,0,0,0.000127266942411709,0,0,0,0,0,0,0,0,0,0.00119513976495585,0,0,0,0,0,0,0,0,0,0.000437660703539581,0,0,0.000256344527044348,0,0,0,0,0,0,0,0,0,0,0,0,0,0,0,0,0,0,0,0,0,0,0,0,0,0,0,0,0,0,0,0,0,0,0,0,0,0,0,0,0,0,0,0,0,0,0,0,0,0,0
"33","Methylophilaceae",0,0,0,0,0,0,0,0,0.00177438067289975,0,0,0,0,0,0,0,0,0,0,0,0,0,0,0,0,0,0,0,0,0,0,0,0,0,0,0,0,0,0,0,0,0,0,0,0,0,0,0,0,0,0,0,0,0,9.73994350832765e-05,0.000203086921202275,0,0,0,0,0,0,0,0,0,0,0,0,0,0,0,0,0,0,0,0,0,0.000294840294840295,0.000392927308447937,0,0,0,0,0,0,0,0,0,0,0,0,0,0,0,0,0
"34","Micrococcaceae",0.0666666666666667,0.0125015025844453,0.00634174985320023,0.00346832602264613,0.0164233576642336,0.0105014692422564,0.00169002882990356,0.108299188559492,0.168497918514979,0.00394736842105263,0.0298700831324001,0.0760761999010391,0.0230687215275759,0.107924250781393,0.0346054333764553,0.0363514532205378,0.0101041748257226,0.120335551055829,0.0188392923236361,0.0384615384615385,0.020768659000481,0.022271714922049,0.042066341567976,0.378365384615385,0.013727778159105,0.00480099117237107,0.00470402131379569,0.0141072148327288,0.0106255138827399,0.00176678445229682,0.109604519774011,0.15536816944426,0.00432835820895523,0.0300547772553202,0.069855336895608,0.0180974477958237,0.109955143427947,0.0358084358523726,0.0377906976744186,0.00759657346048165,0.118566466687717,0.0200229771869359,0.10885632780083,0.0215702479338843,0.0221481671366317,0.0413300186451212,0.365167958656331,0,0.000156985871271586,0,0,0,0,0,0,0,0.000423370025402202,0,0,0,0,0,0.00124275062137531,0,0.000223015165031222,0,0,0.00147574248293673,0,0.000109649122807018,0,0.000178933556006203,9.67585873246251e-05,0,0,0,0,0,0,0,0,9.33358222885944e-05,0.000109962612711678,0,0,0,4.99700179892065e-05,0,0,0.000113778586869951,0,0,0,0,0.00790144963603558,0.00869229283368746
"35","Moraxellaceae",0,0,0,0,0,0,0,0,0,0,3.5988051966747e-05,0,0,0,0,0,0,0,0,0,0,0,0,0,0,0,0,0,0,0,0,0.000597569882477923,0,0,0.000130327121073895,0,0,0,0,8.08146112817197e-05,0,0,0,0,0,0,0,0,0,0.000163988192850115,0.000395673964653126,0.000332042058660764,0,0,0,0,0.000423370025402202,0,0.000102522042239081,0.00067330999192028,0.000681384573453257,0,0,0.000241760012893867,0,0,0.000127169835315063,0,6.01612321020335e-05,0,0.000296208530805687,0,0.0003870343492985,0.000152508769254232,7.73814129846011e-05,0,0.000146616816948904,9.82800982800983e-05,0,0.000213675213675214,0.000671978496688106,9.33358222885944e-05,0.000219925225423356,0.000451773209848656,0.000141342756183746,0,0.000149910053967619,0.000134318334452653,0.000297235707916378,0.000113778586869951,0.000172801105927078,0.00029126213592233,0,0,0.0542524730915199,0.0554375120726289
"36","Mycoplasmataceae",0,0.000721240533717995,0,0.00112210547791492,0.000364963503649635,0.00192687509032227,0,0.00152647224230739,0,0.00131578947368421,0.000215928311800482,0.00383473527956457,0.00145391102064554,0,0.000646830530401035,0.00469051009297261,0.0137855408474974,0,0.0123251165889407,0,0.000830746360019238,0,0,0.00105769230769231,0.000205916672386574,0,0.00108234118724502,0,0.00151793055467712,0.000176678445229682,0.00141242937853107,0,0.000447761194029851,0.000242377235930001,0.00417046787436466,0.00185614849187935,0,0.000219683655536028,0.00468346253229974,0.0119605624696945,0,0.0120356693473385,0.00129668049792531,0.000206611570247934,0,0,0.00103359173126615,0,0,0,0,0,0,0,0,0,0,0,0,0,0,0,0,0,0,0,0,0,0,0,0,0,0,0,0,0,0,0,0,0,0,0,0,0,0,0,0,0,0,0,8.6400552963539e-05,0,0,0,0,0
"37","Neisseriaceae",0,0.0645510277677605,0.0880798590722255,0.0205039273691727,0.00693430656934307,0.0435955489185414,0.0361864996520529,0.0603358238933076,0.000682454104961441,0.0208133971291866,0.0202612732572786,0.02894606630381,0.00397402345643114,0.0706012134583563,0.0695342820181113,0.000502554652818494,0.0159003681366022,0.0277697425513451,0.151121474572507,0.0769230769230769,0.032967513444974,0.200572701240853,0.0235249986603076,0.00125,0.0599217516644931,0.0910639615920707,0.0199816834568312,0.00201531640467554,0.0462336348112074,0.031625441696113,0.0612994350282487,6.63966536086581e-05,0.0217910447761194,0.0219593775752582,0.0294539293627004,0.00324825986078886,0.0655132119567266,0.0599736379613357,0.000484496124031008,0.0173751414255697,0.0251026207767603,0.143388587997155,0.00473288381742738,0.0341735537190082,0.198667008459369,0.0222360334231061,0.00186046511627907,0,0.000313971742543171,0,0,0.000110680686220255,5.63189907636855e-05,0.000394710874284586,0.000486997175416383,0.000507717303005686,0,0,0,0.000538647993536224,0.000545107658762606,0.000743531277882423,0,0.000644693367716979,0.00780553077609277,0.00022158209616663,6.35849176575316e-05,0.000184467810367091,6.01612321020335e-05,0.000986842105263158,9.87361769352291e-05,0.000178933556006203,0.000483792936623125,0,0.000232144238953803,0.000393722931548456,0.000219925225423356,0.000196560196560197,0.000327439423706614,0,0,0.000280007466865783,0,0.000225886604924328,0.000282685512367491,0.000197921820880752,0.000799520287827303,0.0112827400940228,9.90785693054592e-05,0.000341335760609853,0.000691204423708312,9.70873786407767e-05,0.000493235625704622,0,0,0
"38","Oxalobacteraceae",0,0,0,0,0,0,0,0,0,0,0,0,0,0,0,0,0,0,0,0,0,0,0,0,0,0,0,0,0,0,0,0,0,0,0,0,0,0,0,0,0,0,0,0,0,0,0,0,0,0,0,0,0,0,0,0.00121852152721365,0,0,0,0,0,0.000297412511152969,0,0,0,0,0,0,0,0,0,0,0,0,0,0,0,0,0.000523903077930583,0,0,0,0,0,0.000141342756183746,0,0,0,0,0,0,0,0,0,0,0
"39","Pasteurellaceae",0,0.0572184156749609,0.159483264826777,0.105069876568397,0.0273722627737226,0.0991858952743389,0.07913311462372,0.149674620390455,0,0.0218899521531101,0.0390110483319537,0.0502226620484909,0.00474944266744208,0.248850891708035,0.0371927554980595,0.0120613116676439,0.0477794313464401,0.213335261787677,0.0456362425049967,0.0769230769230769,0.0329237899523414,0.0809417753738466,0.00959219763142383,0.045673076923077,0.054156084837669,0.163466005885086,0.104862209641162,0.0259975816203144,0.105685914869395,0.0765017667844523,0.156497175141243,0.000663966536086581,0.0197014925373135,0.0402346211643802,0.0538251010035188,0.00487238979118329,0.243544800030155,0.0467926186291739,0.0140503875968993,0.0502666882172297,0.254341648247553,0.048635045680836,0.0296291493775934,0.0331404958677685,0.0982824916688028,0.010634624680616,0.0447545219638243,0.000314613811546327,0.000549450549450549,0.00131190554280091,0,0.0125069175428888,0,0.00138148805999605,0,0.000101543460601137,0,0,0.000307566126717244,0.000134661998384056,0.000136276914690651,0.00485773768216516,0.004004418668876,0.00161173341929245,0.000446030330062444,0.00421005982716597,0.000190754752972595,0.000368935620734182,0.0001804836963061,0.00635964912280702,0.000197472353870458,0.00137182392938089,0.00212868892114175,0,0.0112976862957518,5.62461330783509e-05,0.00102631771864233,0,0.000130975769482646,0,0.000383987712393203,0.000466679111442972,0.000219925225423356,0,0.00438162544169612,0.00326571004453241,0.00174895062962222,0.000940228341168569,0.00356682849499653,0,0.000518403317781234,0.000194174757281553,0.00507328072153325,0,0.000186648416599266,0
"40","Peptococcaceae 1",0,0,0,0,0,0,0,0,0,0,0,0,0,0,0,0,0,0,0,0,0,0,0,0,0,0,0,0,0,0,0,0,0,0,0,0,0,0,0,0,0,0,0,0,0,0,0,0,0,0,0,0,0,0,0,0,0,0,0,0,0,0,0,0.00193408010315094,0,0,0,0,0,0,0,0,0,0,0,0,0,0,0,0,0,0,0,0,0,0,0.0022986208275035,0,0,0,0.00086400552963539,0,0,0,0,0
"41","Peptostreptococcaceae",0,0.00180310133429499,0.00129183793305931,0.00561052738957462,0.00255474452554744,0.00529890649838624,0.00298240381747689,0.00361532899493854,0,0.00454545454545455,0.00241119948177205,0.00148441365660564,0.00116312881651643,0.000275785990071704,0,0.0138202529525086,0.00885094383958644,0.000867804454729535,0.00488563180102155,0,0.00389139084430065,0.00254533884823417,0.00313488023149885,0.00115384615384615,0.00137277781591049,0.00201331887873626,0.00541170593622513,0.000806126561870214,0.00499652140914553,0.00335689045936396,0.00282485875706214,0.00185910630104243,0.00507462686567163,0.00184206699306801,0.00130327121073895,0.00324825986078886,0.000490029778732708,0,0.0140503875968992,0.00848553418458058,0.00142090306283549,0.00415777668362603,0.00103734439834025,0.00396694214876033,0.00153806716226609,0.00272771217457358,0.000930232558139535,0,0,0,0,0.000221361372440509,0,0,0.000389597740333106,0.000609260763606824,0.000423370025402202,0.000310077519379845,0.000307566126717244,0,0.000136276914690651,0.00054525627044711,0,0.000161173341929245,0,0.000886328384666519,0.00108094360017804,0,0.0001804836963061,0,0,0,9.67585873246251e-05,0,0.000309525651938404,0,0,0.000294840294840295,0.000589390962671906,7.12250712250712e-05,9.59969280983009e-05,0.000186671644577189,0,0,0.000989399293286219,9.8960910440376e-05,4.99700179892065e-05,0.000268636668905306,0.000396314277221837,0.00443736488792809,0.000259201658890617,0.0012621359223301,0,0,0,0
"42","Phyllobacteriaceae",0,0,0,0,0,0,0,0,0,0,0,0,0,0,0,0,0,0,0,0,0,0,0,0,0,0,0,0,0,0,0,0,0,0,0,0,0,0,0,0,0,0,0,0,0,0,0,0,0,0,0,0,0,0,0,0,0,0,0,0,0,0,0,0.00201466677411556,0,0,0,0.00147574248293673,0,0,0,0,0,0,0,0,0,0,0,0,0,0,0,0,0,0,0.00129922046771937,0,0,0,0.000691204423708312,0,0,0,0,0
"43","Porphyromonadaceae",0,0.0424329847337421,0.023840281855549,0.0123431602570642,0.00328467153284671,0.14427477238788,0.143254796699473,0.0129348437374468,0.0298914897973111,0.0517942583732058,0.00831324000431857,0.0290697674418605,0.0154114568188427,0.0934454863026292,0.0119663648124191,0.000335036435212329,0.119996866922535,0.000289268151576512,0.0336812495373454,0,0.0216868523457654,0.0171174037543748,0.0163174535126735,0.0260576923076923,0.0446839179078866,0.0274895462288989,0.0140704354341853,0.000806126561870214,0.141041047372083,0.148586572438163,0.0189265536723163,0.0256955049465507,0.0552985074626866,0.00979204033157206,0.0289326208784048,0.0143851508120649,0.0906178144671869,0.0127416520210896,0.000645994832041344,0.120575400032326,0.00126302494474266,0.0341922424640297,0.0833765560165975,0.0222727272727273,0.0165598564470648,0.0175747531247842,0.0306976744186047,0.0313040742488595,0.0149136577708006,0.0319776976057724,0.0302031126351885,0.0219147758716104,0.048884883982879,0.0353266232484705,0.0400311678192267,0.0389926888708367,0.0431837425910246,0.052093023255814,0.0742259585810949,0.0706975491516294,0.0208503679476697,0.0397541389907802,0.0664181165423916,0.0611652832621484,0.00981266726137377,0.00709062707733215,0.0890824696382019,0.064932669249216,0.0479485019853206,0.0486842105263158,0.0341627172195893,0.0176547775259454,0.0163522012578617,0.0286716486197956,0.0266965874796874,0.0525901344282581,0.0350414192507881,0.0308599508599509,0.0371971185330714,0.0398148148148148,0.067005855812614,0.078215419077842,0.0534418297778755,0.0111813869437542,0.0257243816254417,0.0724393864423552,0.0566160303817709,0.0150436534586971,0.00693549985138214,0.0732734099442484,0.0563331605322274,0.0268932038834951,0.0500281848928974,0,0.0480930753437441,0.0556306741355997
"44","Prevotellaceae",0.0666666666666667,0.259285971871619,0.25237815619495,0.207385494236458,0.213138686131387,0.133628787513849,0.224674420916592,0.0832329075279184,0.0199276598648741,0.156578947368421,0.200345485298881,0.146585848589807,0.086653096830474,0.111233682662254,0.154915912031048,0.16358153949242,0.10762121093444,0.0682672837720567,0.0429343400695832,0,0.259979887193389,0.264397072860325,0.14825036171695,0.0910576923076922,0.264534285125952,0.249419234938826,0.206519024227791,0.236195082627973,0.133767630130921,0.233922261484099,0.0836158192090395,0.0163999734413386,0.149925373134328,0.209268505501963,0.152613058777532,0.08538283062645,0.106939575558822,0.15597539543058,0.172480620155039,0.108453208340068,0.059362172402905,0.0404289074894687,0.1475622406639,0.261239669421488,0.260343501666239,0.148332297493267,0.0918863049095607,0.00833726600597766,0.00054945054945055,0.00541161036405378,0.00276971775257188,0.00022136137244051,0.00563189907636855,0.00217090980856523,0.00233758644199864,0.00304630381803412,0.000423370025402202,0.00465116279069767,0.0129177773221243,0.00161594398060867,0.000681384573453257,0.312679686725488,0.071941452637393,0.0585865097912805,0.00691347011596789,0.00232661200974961,0.0297577414637248,0.0435344032466335,0.00944531344001925,0.00953947368421053,0.0078001579778831,0.000894667780031015,0.00522496371552976,0.00137257892328809,0.000309525651938404,0.00759322796557737,0.00131955135254014,0.00334152334152334,0.00130975769482646,0.000569800569800569,0.00787174810406066,0.016800448011947,0.00164943919067517,0.00180709283939462,0.477879858657244,0.0625432953983177,0.0591645012992206,0.00671591672263264,0.00485484989596751,0.0273068608487883,0.0428546742699153,0.00844660194174757,0.0107807215332582,0.0769230769230769,0.0124432277732844,0.0144871547228124
"45","Propionibacteriaceae",0,0.000120206755619666,0.000117439812096301,0,0,4.81718772580567e-05,0.000198826921165126,0.000482043865991805,0.0041629700402648,0.000119617224880383,0.000251916363767229,0.00098960910440376,0.000193854802752738,9.19286633572348e-05,0,0.000753831979227741,0.000313307746534033,0.000867804454729534,0.000407135983418462,0,0.000131170477897775,0.000127266942411709,0.00176839397674294,0.000865384615384615,0.000343194453977624,0.000232306024469568,0.000208142536008659,0,0,0.000176678445229682,0.000847457627118644,0.00657326870725715,0,4.84754471860003e-05,0.000781962726443372,0.000232018561484919,0.000150778393456218,0,0.000484496124031008,0.000484887667690318,0,0.000875321407079162,0.000713174273858921,8.26446280991736e-05,0.000307613432453217,0.00179545611490919,0.00082687338501292,0.000786534528865817,0,0,0,0,0,0,0,0,0,0,0,0,0,0.000693962526023595,0,0,0,0,0,0,0,0,0.00108609794628752,0,0,0,0,0,0,0,0,0,0,0,0,0,0.000848056537102474,0,0,0,0,0.000227557173739902,0,9.70873786407767e-05,0,0,0.0150563056056741,0.0146803167857833
"46","Pseudomonadaceae",0,0,0,0,0,0,0,0,6.82454104961441e-05,0.000119617224880383,3.5988051966747e-05,0,0,0,0,0,0,0,0,0,0,0,0,0,0,0,0,0,0,0,0,0.000597569882477923,0,0,0,0,0,0,0,0,0,0,0,0,0,0,0,0,0,0,0.000131891321551042,0,0.000168956972291057,0,0.00321418135774812,0.000203086921202275,0,0.000155038759689922,0.000820176337912651,0,0,0,0,8.05866709646224e-05,0,0.000110791048083315,6.35849176575316e-05,0.000184467810367091,6.01612321020335e-05,0,0,0,9.67585873246251e-05,0,0,0.000281230665391754,0,0.00628992628992629,0.000261951538965291,0.00056980056980057,0.000287990784294903,0.000466679111442972,0.000439850450846712,0.000112943302462164,0,0.000296882731321128,0.000149910053967619,0,0,0.000227557173739902,0.000259201658890617,9.70873786407767e-05,0,0,0,0
"47","Puniceicoccaceae",0,0,0,0.000816076711210854,0,0.000818921913386965,0.000596480763495377,0.000482043865991805,0,0,0.00212329506603808,0.00024740227610094,0.000678491809634584,0,0,0.00117262752324315,0,0,0.000518173069805315,0,0,0,0.000937784684636407,0.00230769230769231,0.000343194453977624,0,0.00141536924485888,0,0.000505976851559041,0.00106007067137809,0,0,0,0.00237529691211401,0.000521308484295582,0.00116009280742459,0,0,0.00113049095607235,0,0,0.00109415175884895,0.000194502074688797,0,0,0.000586976037566466,0.00423772609819121,0,0,0,0,0,0,0,0,0,0,0,0,0,0,0,0,0.0032234668385849,0,0,6.35849176575316e-05,0.00147574248293673,0,0,0,0,0,0,0,0,0,0,0,0,0,0,0,0,0,0,0.00304817109734159,0,0,0,0.00112320718852601,0,0,0,0,0
"48","Rhodospirillaceae",0,0,0,0,0,0,0,0,0,0,0,0,0,0,0,0,0,0,0,0,0,0,0,0,0,0,0,0,0,0,0,0,0,0,0,0,0,0,0,0,0,0,0,0,0,0,0,0,0,0,0,0,0,0,0,0,0,0,0,0,0,0.000198275007435313,0,0,0,0,0,0,0,0,0,0,0,0,0,0,0,0,0,0,0,0,0,0,0.000141342756183746,0,0,0,0,0,0,0,0,0,0,0
"49","Rikenellaceae",0,0.00961654044957327,0.00434527304756312,0.00795674793430583,0.0171532846715329,0.00900814104725661,0.00169002882990357,0.00506146059291396,0.0279806183034191,0.0106459330143541,0.0169863605283046,0.00482434438396833,0.00717262770185131,0.00514800514800515,0.0113195342820181,0.016333026216601,0.0067361165504817,0.00245877928840034,0.00177659338218965,0,0.00572777753486949,0.00139993636652879,0.0383152028294303,0.0201923076923077,0.00844258356784955,0.00410407309896237,0.00836732994754808,0.0219669488109634,0.0086016064765037,0.00176678445229682,0.00225988700564971,0.0243675718743776,0.0114925373134328,0.0171118328566581,0.00599504756939919,0.00603248259860789,0.00603113573824871,0.0129613356766256,0.0159883720930232,0.00589946662356554,0.00315756236185664,0.00169593522621588,0.00149118257261411,0.0062396694214876,0.00138426044603948,0.0394309785235827,0.0216020671834625,0.168318389177285,0.0173469387755102,0.0313217448343719,0.000131891321551042,0,0.0287790042802433,0.0282218275113479,0.0389597740333106,0.0645816409423232,0.0491109229466554,0.000310077519379845,0.0122001230264507,0.129679504443846,0.0208503679476697,0.0425299890948746,0.00911350455675228,0.0208719477798372,0.112176628010705,0.00653667183691558,0.0785273733070515,0.0236118797269876,0.0511370472867284,0.0283991228070176,0.142673775671407,0.0176547775259454,0.00686985970004839,0,0,0.0425783227403116,0.0293966717982553,0.0382309582309582,0.0481990831696136,0.0622507122507122,0.000575981568589805,0.0143737166324435,0.118209808665054,0.0358030268805059,0.018939929328622,0.0106877783275606,0.0253347991205276,0.100873069173942,0.0211037352620628,0.0662191375583115,0.0176257128045619,0.0231067961165049,0.028325817361894,0.0769230769230769,0,0
"50","Ruminococcaceae",0.133333333333333,0.0381055415314341,0.0164415736934821,0.0369274711822911,0.0248175182481752,0.0524110024567658,0.0302216920170991,0.047240298867197,0.162697058622807,0.0404306220095694,0.0403066182027567,0.0911677387431965,0.0723078414267714,0.0253263467549182,0.0895860284605434,0.0675936008040874,0.103939844912665,0.144344807636679,0.0262417647494263,0.423076923076923,0.0177080145161996,0.019662742602609,0.0602593644499223,0.110865384615385,0.0327407509094653,0.0151773269320118,0.0328865206893681,0.0330511890366788,0.049585731452786,0.0257950530035336,0.0435028248587571,0.171104176349512,0.0399253731343284,0.0397498666925203,0.088492115209175,0.074245939675174,0.0280070865844924,0.085456942003515,0.0749354005167958,0.103927590108292,0.141143037574992,0.0268614256797418,0.0130964730290456,0.0171074380165289,0.0203537554473212,0.0621849319798357,0.10656330749354,0.256252949504483,0.152511773940345,0.244506395539521,0.110393036138222,0.361925843940232,0.160509123676504,0.203473455693704,0.142495373526834,0.0897644191714053,0.0732430143945809,0.048062015503876,0.223293007996719,0.146512254241853,0.0408830744071954,0.221522752057103,0.223142778238056,0.199129663953582,0.362845673505798,0.407821847994682,0.0673364277993261,0.172292934882863,0.156298881001083,0.13969298245614,0.250691153238547,0.114219253250626,0.383454281567489,0.119109348787555,0.3346746111584,0.171494459755892,0.194413899274247,0.141130221130221,0.0669941060903732,0.0678062678062679,0.0560622060094077,0.223819301848049,0.155487134374313,0.0581658007680145,0.185441696113074,0.219495299356754,0.209524285428743,0.338079247817327,0.411968691172099,0.0989873705768574,0.196906860203905,0.19747572815534,0.145293122886133,0.153846153846154,0.156038076276987,0.16476723971412
"51","Spirochaetaceae",0,0.000480827022478663,0.000469759248385203,0.00316229725594205,0.000364963503649635,0.00173418758129005,0.0103389999005866,0.000562384510323773,0.00211560772538047,0.00083732057416268,0.000935689351135423,0.00049480455220188,9.69274013763691e-05,0,0,0.000167518217606165,0.00548288556434558,0,0.000185061810644755,0,0.000437234926325915,0.00139993636652879,0.00350999410535341,9.61538461538462e-05,0.000686388907955248,0.000464612048939136,0.00291399550412122,0.000806126561870214,0.00132818923534248,0.0107773851590106,0.00141242937853107,0.00172631299382511,0.00104477611940298,0.00130883707402201,0.000390981363221686,0,0,0,0.000322997416020672,0.00484887667690319,0,0.000273537939712238,0.00291753112033195,0.000578512396694215,0.00123045372981287,0.00355638422760859,0,0,0,0.00032797638570023,0,0.00132816823464306,0.000168956972291057,0.000197355437142293,0,0,0,0,0.00102522042239081,0,0,0.000297412511152969,0,0.00306229349665565,0.00312221231043711,0.000553955240416574,0.00324283080053412,0.00110680686220255,6.01612321020335e-05,0.00339912280701754,0.000296208530805687,0,9.67585873246251e-05,0,0.00131548402073822,0.000224984532313404,0.00102631771864233,9.82800982800983e-05,6.54878847413229e-05,7.12250712250712e-05,0,0.000840022400597349,0.000109962612711678,0,0.000141342756183746,9.8960910440376e-05,0.00394763142114731,0.00295500335795836,0.000594471415832755,0.00352713619296848,0.000777604976671851,0.000388349514563107,0.00260710259301015,0,0.02034467740932,0.0216341510527332
"52","Staphylococcaceae",0,0,0,0,0,0,9.94134605825629e-05,0,0,0,3.5988051966747e-05,0,0,9.19286633572348e-05,0,0.000167518217606165,0,0.000144634075788256,0.000296098897031609,0,0,6.36334712058543e-05,2.67938481324688e-05,0,0,0,0,0,0,0,0,0.000199189960825974,0,4.84754471860003e-05,0,0.000232018561484919,3.76945983640544e-05,0.000219683655536028,0,8.08146112817197e-05,0,0.000273537939712238,0,0,0,3.45280022097921e-05,0,0,0,0,0,0,0,0,0,0,0,0,0,0,0,0,0,0,0,0,0,0,0,0,0,0,0,0,0,0,0,0,0,0,0,0,0,0,0,0,0,0,0,0,0,0.00029126213592233,0,0,0.10763392023891,0.103148541626425
"53","Streptococcaceae",0,0.0167087390311335,0.033587786259542,0.0236662246251148,0.0908759124087592,0.0204730478346741,0.00487125956854558,0.0237004900779304,0.102436361154712,0.0941387559808613,0.0784179652355418,0.110959920831272,0.0389648153533003,0.0755193969479684,0.114812419146184,0.0597202445765977,0.0303125244771677,0.0606016777552792,0.0181730698053149,0,0.0525993616370075,0.0370346802418072,0.0724237715020631,0.100480769230769,0.0183265838424051,0.0374012699396004,0.0263508450586962,0.0858524788391778,0.0188476377205743,0.00512367491166078,0.0194915254237288,0.114467830821326,0.0912686567164179,0.0776091909447866,0.111560015639255,0.0378190255220418,0.0834935353763806,0.106326889279438,0.0562015503875969,0.0298205915629546,0.0595200505209978,0.017725258493353,0.0331950207468879,0.0520661157024793,0.0354268136375288,0.076755748912368,0.103255813953488,0.00975302815793613,0.00737833594976452,0.00869137422105609,0.0890266420469533,0.00996126175982291,0.00788465870691597,0.00197355437142293,0,0.0156376929325751,0.00381033022861981,0.0381395348837209,0.0220422390814025,0.00727174791273902,0.0174434450804033,0.00188361257063547,0.0180889257111295,0.00499637359980659,0.0091436217662801,0.00697983602924884,0.00820245437782157,0.00387382401770891,0.00830225003008061,0.00471491228070175,0.00928120063191153,0.00942383394966003,0.0118045476536043,0.087387524782675,0.0111429234697826,0.0178862703189156,0.00300564474745254,0,0.0111984282907662,0.00227920227920228,0.0583661322837669,0.0224005973492626,0.00725753243897075,0.0237180935170545,0.00127208480565371,0.0158337456704602,0.00379772136717969,0.0116856950973808,0.0169424353512335,0.00830583684150643,0.00475203041299465,0.00475728155339806,0.0056369785794814,0,0.0815031419150128,0.087695576588758
"54","Sutterellaceae",0,0.000120206755619666,0,0,0,0,0,0,0.000887190336449874,0,0.000323892467700723,0,0.000969274013763691,0,0,0.000167518217606165,7.83269366335083e-05,0.000289268151576511,0.00185061810644755,0,0,0,0,9.61538461538462e-05,0.000274555563182099,0,0,0,0,0,0,0.00132793307217316,0,0.000727131707790004,0,0.00139211136890951,7.53891967281088e-05,0,0,8.08146112817197e-05,0.000315756236185665,0.00202418075387056,0.000259336099585062,0,0,0,0,0.00582035551360705,0.0112244897959184,0.030009839291571,0.0138485887628594,0.0073049252905368,0.0112637981527371,0.0106571936056838,0.0136359209116587,0,0.0101608806096528,0.0127131782945736,0.0055361902809104,0.000134661998384056,0.000136276914690651,0.00594825022305939,0.0212648439657553,0.00177290676122169,0.00669045495093666,0.0180589408375803,0.00947415273097221,0.00110680686220255,0.0114907953314884,0.00197368421052632,0.00513428120063191,0.0144339735178337,0.00725689404934688,0.0146408418484063,0.00889886249322912,0.0133865796726476,0.0114361117220145,0.0128746928746929,0,0.0101139601139601,0.0119996160122876,0.00485346275900691,0,0,0.00664310954063604,0.0226620484908461,0.00254847091744953,0.00765614506380121,0.0127811354404042,0.00659915803845716,0.00138240884741662,0.0107766990291262,0.00218432919954904,0,0,0
"55","Synergistaceae",0,0,0.000587199060481503,0.00285626848923799,0,0.000578062527096681,0.00258474997514663,0.000803406443319675,0,0.00311004784688995,0.00035988051966747,0.000989609104403761,9.69274013763691e-05,0,0,0,0.0028197697188063,0,0.000814271966836924,0,0.00030606444842814,0.000190900413617563,0.00021435078505975,0.00125,0.000274555563182099,0.000464612048939136,0.00158188327366581,0.000201531640467553,0.0012649421288976,0.00176678445229682,0.00112994350282486,0.000663966536086581,0.00276119402985075,0.000436279024674003,0.000521308484295582,0.000232018561484919,0,0.000219683655536028,0.000161498708010336,0.00501050589946662,0,0.000820613819136714,0.000194502074688797,8.26446280991736e-05,0.000102537810817739,0.000310752019888129,0.00144702842377261,0.000157306905773163,0.000156985871271586,0.000163988192850115,0,0.000221361372440509,0,0,0.000681796045582936,0,0,0,0.000410088168956326,0,0,0.000148706255576485,0,0.000725280038681602,0.000669045495093666,0,0.00038150950594519,0.000184467810367091,6.01612321020335e-05,0,0.000296208530805687,5.96445186687343e-05,9.67585873246251e-05,0,0,0,0,0.000786240786240786,0,0,0,0.000373343289154377,0,0,0.000141342756183746,0,0.00084949030581651,0.000805910006715917,0,0.000227557173739902,0.000259201658890617,0,0,0,0,0
"56","Unclassified",0.133333333333333,0.11503786512802,0.0629477392836172,0.126797919004386,0.00401459854014598,0.0496170335757984,0.251217814892136,0.0866072145898609,0.0186992424759435,0.0874401913875598,0.11361428005902,0.120237506185057,0.323737520597073,0.00165471594043022,0.0899094437257438,0.20814138537566,0.138951985587844,0.00159097483367081,0.250832778147901,0.0769230769230769,0.0645358751257051,0.0708876869233217,0.0402711537431006,0.00701923076923077,0.125746447937401,0.0643487687780704,0.130546998584631,0.00463522773075372,0.0507241793687939,0.251943462897526,0.0853107344632768,0.0221100856516832,0.0921641791044776,0.106839885597945,0.118337025935097,0.340139211136891,0.00165856232801839,0.0977592267135326,0.200904392764858,0.144819783416842,0.00757814966845595,0.264565895289677,0.011475622406639,0.0604132231404959,0.0730069213022302,0.0426420827290933,0.00857881136950902,0.00456190026742173,0.0423861852433281,0.0134470318137094,0.00461619625428647,0.0179302711676812,0.00450551926109484,0.0980856522597197,0.00691535989091263,0.0345247766043866,0.0135478408128704,0.010077519379845,0.0232725035882715,0.0114462698626447,0.00517852275824475,0.0245861009219788,0.00828500414250208,0.049319042630349,0.0604371097234612,0.0194992244626634,0.062440389139696,0.0450101457295702,0.0153411141860185,0.0417763157894737,0.00424565560821485,0.0366813789812716,0.0176100628930818,0.00396522800061003,0.0151667569449818,0.0100118116879465,0.0873836229015468,0.00923832923832924,0.0297314996725606,0.0173076923076923,0.0117116252279927,0.0245473212619003,0.0138552892016714,0.00609893833295686,0.0135689045936396,0.0074220682830282,0.0466220267839296,0.0881128274009403,0.0145645496879025,0.0613266583229036,0.0368930361154311,0.0233980582524272,0.0422773393461105,0.0769230769230769,0.00192870030485908,0.00251110681862082
"57","Veillonellaceae",0,0.055054694073807,0.11967116852613,0.122513516270529,0.22992700729927,0.121778505708367,0.0360870861914703,0.0706194263677995,0.0046406879137378,0.199043062200957,0.0448771008025336,0.0754576942107868,0.0760880100804498,0.0455966170251885,0.074385510996119,0.17254376413435,0.131354272734393,0.207115996528782,0.0299800133244503,0.115384615384615,0.0684272659700056,0.10238625517022,0.0694764482074916,0.0575961538461539,0.0526460292401675,0.117237107015642,0.121846640579469,0.23800886739218,0.117955853519702,0.0424028268551236,0.0644067796610169,0.00245667618352035,0.192537313432836,0.0496873333656503,0.0762413658282289,0.0767981438515082,0.0446304044630405,0.0826010544815465,0.169089147286822,0.118231776305156,0.200820966214083,0.031785108594562,0.0172458506224066,0.0680578512396694,0.0954114329659061,0.0668462122781576,0.0576744186046512,0.00377536573855593,0.00290423861852433,0.00213184650705149,0.0294117647058824,0.0289983397897067,0.000788465870691598,0.0122360371028222,0.000779195480666212,0.00365556458164095,0.0228619813717189,0.0103875968992248,0.00358827147836785,0.00323188796121735,0.00231670754974107,0.00812927530484782,0.0071803369235018,0.00273994681279716,0.00669045495093666,0.00742300022158209,0.00750302028358873,0.00221361372440509,0.00288773914089761,0.000328947368421053,0.00602290679304898,0.00244542526541811,0.00599903241412676,0.0358395607747446,0.0351311614950089,0.00208110692389898,0.012169195806759,0.00186732186732187,0.00320890635232482,0.0148148148148148,0.012767591437074,0.00438678364756394,0.00340884099406202,0.00666365484526768,0.00734982332155477,0.00672934190994557,0.00339796122326604,0.00591000671591672,0.00356682849499653,0.00932984412333598,0.00388802488335925,0.00524271844660194,0.00133878241262683,0.0769230769230769,0.00485285883158091,0.00637434807803747
"58","Verrucomicrobiaceae",0.133333333333333,0.000240413511239332,0,0,0.000364963503649635,0,0,0,0.0338497236060875,0.00167464114832536,0.00125958181883615,0,0,0,0,0,0.000156653873267017,0.000144634075788256,0.00037012362128951,0,0.000131170477897774,6.36334712058543e-05,2.67938481324688e-05,0,6.86388907955247e-05,7.7435341489856e-05,0,0,0,0,0,0.0408339419693247,0.00082089552238806,0.00126036162683601,0,0.000464037122969838,0,0,0.000161498708010336,0.000323258445126878,0.000315756236185665,5.47075879424476e-05,0,4.13223140495868e-05,0,3.45280022097921e-05,0,0,0.00133437990580848,0.00360774024270253,0.00619889211289897,0.15672385168788,0,0.010065127294257,0,0.127335499593826,0.0317527519051651,0,0,0,0.014445352957209,9.91375037176564e-05,0.000552333609500138,0.0298976549278749,0.0225245316681534,0.0300243740305783,0.0295034017930947,0.00959232613908873,0.0218986884851402,0.0327850877192982,0,0.000596445186687343,0.001548137397194,0.0038127192313558,0.156078309989941,0,0.0102631771864233,0,0.137524557956778,0.113603988603989,0,9.33358222885944e-05,0,0.0621188163541902,0.000282685512367491,0.00158337456704602,0.0232860283829702,0.0316991269308261,0.0266521351431685,0.0896575264535214,0.0132192846034215,0.0242718446601942,0.0172632468996618,0,0.127294220120699,0.116283561908441
"59","Victivallaceae",0,0,0,0,0,0,0,0,0.00177438067289975,0,0,0,0,0,0,0,0,0,0,0,0,0,0,0,0,0,0,0,0,0,0,0.000331983268043291,7.46268656716418e-05,0,0,0,0,0,0,0,0,0,0,0,0,6.90560044195843e-05,0,0.00125845524618531,0.000470957613814757,0.000655952771400459,0.000527565286204168,0.000774764803541782,0.00050687091687317,0.000394710874284587,0,0.00172623883021933,0,0,0,0,0,0.000842668781600079,0,0.00153114674832782,0,0.000886328384666519,0.000890188847205443,0.002029145914038,0.000962579713632535,0.00043859649122807,0.000691153238546603,0.00041751163068114,0.00135462022254475,0.000457526307762696,0.000773814129846011,0.00067495359694021,0.000293233633897808,0,0.00222658808120498,0,0,0,0,0,0.00113074204946996,0,0.00244853088147111,0.000671591672263264,0.000693549985138215,0.000341335760609853,0.00155520995334371,0.000970873786407767,0.000704622322435175,0,0,0
"60","Xanthomonadaceae",0,0,0,0,0,0,0,0,0.000409472462976865,0,0,0,0,0,0,0,0,0,0,0,0,0,0,0,0,0,0,0,0,0,0.000282485875706215,0.000929553150521214,0,0.000145426341558001,0,0,3.76945983640544e-05,0,0,0,0,0,0,0,0,0,0,0,0,0,0.000395673964653126,0.000332042058660764,0.00230907862131111,0.000394710874284587,0,0,0.000423370025402202,0,0.000307566126717244,0.000269323996768112,0.00272553829381303,0,0.000138083402375035,8.05866709646224e-05,0,0,0.00101735868252051,0,0,0,0,0,0,0.00152508769254232,0.000309525651938404,0.00539962877552168,0.000439850450846712,0,0,0.00178062678062678,0,9.33358222885944e-05,0.000439850450846712,0.000903546419697312,0,0.00049480455220188,0.000249850089946032,0,0,0.00125156445556946,0.000432002764817695,0,0,0,0,0
